search_term,area,date,search_intensity
excel,China,2011-01-01,5358
excel,China,2011-01-02,6214
excel,China,2011-01-03,7562
excel,China,2011-01-04,11853
excel,China,2011-01-05,11835
excel,China,2011-01-06,11854
excel,China,2011-01-07,11121
excel,China,2011-01-08,7893
excel,China,2011-01-09,6892
excel,China,2011-01-10,10876
excel,China,2011-01-11,10597
excel,China,2011-01-12,10777
excel,China,2011-01-13,10890
excel,China,2011-01-14,10209
excel,China,2011-01-15,7074
excel,China,2011-01-16,6038
excel,China,2011-01-17,10086
excel,China,2011-01-18,9973
excel,China,2011-01-19,9803
excel,China,2011-01-20,9650
excel,China,2011-01-21,9012
excel,China,2011-01-22,6351
excel,China,2011-01-23,5576
excel,China,2011-01-24,8568
excel,China,2011-01-25,8126
excel,China,2011-01-26,7828
excel,China,2011-01-27,7488
excel,China,2011-01-28,6522
excel,China,2011-01-29,4683
excel,China,2011-01-30,5065
excel,China,2011-01-31,4516
excel,China,2011-02-01,3325
excel,China,2011-02-02,2058
excel,China,2011-02-03,1927
excel,China,2011-02-04,2194
excel,China,2011-02-05,2457
excel,China,2011-02-06,2827
excel,China,2011-02-07,2841
excel,China,2011-02-08,3160
excel,China,2011-02-09,5736
excel,China,2011-02-10,7844
excel,China,2011-02-11,8893
excel,China,2011-02-12,8590
excel,China,2011-02-13,6623
excel,China,2011-02-14,9519
excel,China,2011-02-15,11007
excel,China,2011-02-16,10980
excel,China,2011-02-17,9526
excel,China,2011-02-18,10753
excel,China,2011-02-19,8087
excel,China,2011-02-20,7615
excel,China,2011-02-21,12326
excel,China,2011-02-22,12901
excel,China,2011-02-23,8046
excel,China,2011-02-24,5466
excel,China,2011-02-25,9308
excel,China,2011-02-26,8828
excel,China,2011-02-27,8085
excel,China,2011-02-28,13213
excel,China,2011-03-01,14012
excel,China,2011-03-02,13521
excel,China,2011-03-03,13293
excel,China,2011-03-04,12745
excel,China,2011-03-05,9235
excel,China,2011-03-06,8242
excel,China,2011-03-07,12564
excel,China,2011-03-08,11746
excel,China,2011-03-09,13319
excel,China,2011-03-10,13321
excel,China,2011-03-11,12130
excel,China,2011-03-12,8990
excel,China,2011-03-13,7916
excel,China,2011-03-14,12937
excel,China,2011-03-15,12809
excel,China,2011-03-16,13185
excel,China,2011-03-17,12507
excel,China,2011-03-18,12468
excel,China,2011-03-19,9554
excel,China,2011-03-20,8247
excel,China,2011-03-21,13265
excel,China,2011-03-22,13064
excel,China,2011-03-23,13297
excel,China,2011-03-24,13322
excel,China,2011-03-25,12509
excel,China,2011-03-26,9416
excel,China,2011-03-27,8224
excel,China,2011-03-28,12861
excel,China,2011-03-29,13086
excel,China,2011-03-30,13313
excel,China,2011-03-31,13157
excel,China,2011-04-01,13464
excel,China,2011-04-02,12269
excel,China,2011-04-03,8188
excel,China,2011-04-04,7924
excel,China,2011-04-05,7421
excel,China,2011-04-06,13257
excel,China,2011-04-07,13533
excel,China,2011-04-08,12396
excel,China,2011-04-09,9260
excel,China,2011-04-10,8414
excel,China,2011-04-11,13407
excel,China,2011-04-12,13578
excel,China,2011-04-13,14231
excel,China,2011-04-14,13942
excel,China,2011-04-15,13177
excel,China,2011-04-16,9632
excel,China,2011-04-17,8502
excel,China,2011-04-18,13031
excel,China,2011-04-19,13022
excel,China,2011-04-20,13338
excel,China,2011-04-21,13672
excel,China,2011-04-22,12677
excel,China,2011-04-23,9382
excel,China,2011-04-24,7860
excel,China,2011-04-25,12799
excel,China,2011-04-26,13029
excel,China,2011-04-27,12793
excel,China,2011-04-28,12134
excel,China,2011-04-29,10738
excel,China,2011-04-30,7338
excel,China,2011-05-01,5816
excel,China,2011-05-02,7078
excel,China,2011-05-03,12753
excel,China,2011-05-04,13124
excel,China,2011-05-05,13490
excel,China,2011-05-06,12617
excel,China,2011-05-07,9177
excel,China,2011-05-08,7946
excel,China,2011-05-09,13205
excel,China,2011-05-10,13052
excel,China,2011-05-11,13243
excel,China,2011-05-12,12922
excel,China,2011-05-13,12291
excel,China,2011-05-14,8910
excel,China,2011-05-15,7849
excel,China,2011-05-16,12886
excel,China,2011-05-17,13415
excel,China,2011-05-18,13196
excel,China,2011-05-19,12782
excel,China,2011-05-20,12052
excel,China,2011-05-21,8830
excel,China,2011-05-22,7709
excel,China,2011-05-23,12933
excel,China,2011-05-24,12828
excel,China,2011-05-25,13112
excel,China,2011-05-26,12952
excel,China,2011-05-27,12348
excel,China,2011-05-28,8854
excel,China,2011-05-29,7886
excel,China,2011-05-30,12843
excel,China,2011-05-31,13092
excel,China,2011-06-01,13492
excel,China,2011-06-02,13750
excel,China,2011-06-03,11890
excel,China,2011-06-04,8174
excel,China,2011-06-05,6716
excel,China,2011-06-06,6569
excel,China,2011-06-07,13206
excel,China,2011-06-08,13162
excel,China,2011-06-09,12961
excel,China,2011-06-10,12722
excel,China,2011-06-11,9287
excel,China,2011-06-12,8185
excel,China,2011-06-13,12930
excel,China,2011-06-14,14164
excel,China,2011-06-15,13915
excel,China,2011-06-16,13405
excel,China,2011-06-17,12414
excel,China,2011-06-18,8759
excel,China,2011-06-19,7517
excel,China,2011-06-20,12708
excel,China,2011-06-21,12926
excel,China,2011-06-22,13072
excel,China,2011-06-23,13103
excel,China,2011-06-24,11810
excel,China,2011-06-25,8783
excel,China,2011-06-26,7762
excel,China,2011-06-27,12601
excel,China,2011-06-28,12662
excel,China,2011-06-29,12829
excel,China,2011-06-30,13156
excel,China,2011-07-01,13043
excel,China,2011-07-02,9627
excel,China,2011-07-03,8414
excel,China,2011-07-04,13211
excel,China,2011-07-05,13280
excel,China,2011-07-06,13512
excel,China,2011-07-07,7484
excel,China,2011-07-08,11167
excel,China,2011-07-09,8791
excel,China,2011-07-10,8022
excel,China,2011-07-11,13023
excel,China,2011-07-12,13015
excel,China,2011-07-13,13120
excel,China,2011-07-14,13071
excel,China,2011-07-15,12114
excel,China,2011-07-16,8686
excel,China,2011-07-17,7528
excel,China,2011-07-18,12892
excel,China,2011-07-19,13024
excel,China,2011-07-20,12782
excel,China,2011-07-21,12735
excel,China,2011-07-22,12098
excel,China,2011-07-23,8267
excel,China,2011-07-24,7364
excel,China,2011-07-25,12048
excel,China,2011-07-26,11818
excel,China,2011-07-27,12164
excel,China,2011-07-28,12239
excel,China,2011-07-29,11524
excel,China,2011-07-30,8528
excel,China,2011-07-31,7607
excel,China,2011-08-01,13186
excel,China,2011-08-02,13249
excel,China,2011-08-03,13266
excel,China,2011-08-04,13048
excel,China,2011-08-05,11782
excel,China,2011-08-06,7706
excel,China,2011-08-07,7497
excel,China,2011-08-08,12589
excel,China,2011-08-09,12846
excel,China,2011-08-10,12654
excel,China,2011-08-11,12365
excel,China,2011-08-12,11315
excel,China,2011-08-13,7787
excel,China,2011-08-14,7054
excel,China,2011-08-15,11905
excel,China,2011-08-16,12015
excel,China,2011-08-17,12074
excel,China,2011-08-18,11889
excel,China,2011-08-19,11436
excel,China,2011-08-20,7846
excel,China,2011-08-21,7261
excel,China,2011-08-22,11963
excel,China,2011-08-23,12006
excel,China,2011-08-24,12095
excel,China,2011-08-25,12251
excel,China,2011-08-26,11360
excel,China,2011-08-27,8259
excel,China,2011-08-28,7689
excel,China,2011-08-29,12766
excel,China,2011-08-30,12664
excel,China,2011-08-31,13618
excel,China,2011-09-01,14395
excel,China,2011-09-02,13657
excel,China,2011-09-03,9624
excel,China,2011-09-04,8813
excel,China,2011-09-05,13857
excel,China,2011-09-06,13770
excel,China,2011-09-07,14043
excel,China,2011-09-08,13403
excel,China,2011-09-09,12020
excel,China,2011-09-10,7858
excel,China,2011-09-11,6355
excel,China,2011-09-12,5439
excel,China,2011-09-13,12977
excel,China,2011-09-14,14121
excel,China,2011-09-15,14191
excel,China,2011-09-16,13620
excel,China,2011-09-17,9973
excel,China,2011-09-18,8441
excel,China,2011-09-19,13541
excel,China,2011-09-20,13437
excel,China,2011-09-21,13659
excel,China,2011-09-22,13679
excel,China,2011-09-23,12613
excel,China,2011-09-24,8806
excel,China,2011-09-25,8311
excel,China,2011-09-26,13616
excel,China,2011-09-27,14000
excel,China,2011-09-28,13488
excel,China,2011-09-29,12784
excel,China,2011-09-30,10913
excel,China,2011-10-01,6088
excel,China,2011-10-02,5947
excel,China,2011-10-03,5991
excel,China,2011-10-04,6589
excel,China,2011-10-05,7135
excel,China,2011-10-06,8426
excel,China,2011-10-07,9717
excel,China,2011-10-08,14287
excel,China,2011-10-09,14533
excel,China,2011-10-10,15356
excel,China,2011-10-11,15375
excel,China,2011-10-12,15512
excel,China,2011-10-13,15515
excel,China,2011-10-14,14910
excel,China,2011-10-15,10210
excel,China,2011-10-16,9155
excel,China,2011-10-17,14533
excel,China,2011-10-18,14362
excel,China,2011-10-19,14697
excel,China,2011-10-20,14595
excel,China,2011-10-21,13373
excel,China,2011-10-22,9182
excel,China,2011-10-23,8892
excel,China,2011-10-24,14212
excel,China,2011-10-25,14040
excel,China,2011-10-26,14034
excel,China,2011-10-27,14274
excel,China,2011-10-28,13218
excel,China,2011-10-29,9182
excel,China,2011-10-30,8152
excel,China,2011-10-31,14349
excel,China,2011-11-01,15107
excel,China,2011-11-02,15770
excel,China,2011-11-03,15277
excel,China,2011-11-04,14638
excel,China,2011-11-05,10160
excel,China,2011-11-06,9011
excel,China,2011-11-07,15037
excel,China,2011-11-08,15566
excel,China,2011-11-09,15011
excel,China,2011-11-10,14662
excel,China,2011-11-11,12372
excel,China,2011-11-12,9238
excel,China,2011-11-13,8530
excel,China,2011-11-14,14814
excel,China,2011-11-15,14943
excel,China,2011-11-16,15285
excel,China,2011-11-17,15297
excel,China,2011-11-18,14646
excel,China,2011-11-19,10239
excel,China,2011-11-20,8552
excel,China,2011-11-21,14312
excel,China,2011-11-22,15203
excel,China,2011-11-23,14399
excel,China,2011-11-24,14243
excel,China,2011-11-25,13540
excel,China,2011-11-26,9687
excel,China,2011-11-27,8548
excel,China,2011-11-28,15013
excel,China,2011-11-29,15431
excel,China,2011-11-30,15256
excel,China,2011-12-01,15610
excel,China,2011-12-02,14518
excel,China,2011-12-03,9905
excel,China,2011-12-04,9052
excel,China,2011-12-05,15347
excel,China,2011-12-06,15561
excel,China,2011-12-07,15707
excel,China,2011-12-08,15046
excel,China,2011-12-09,13642
excel,China,2011-12-10,9479
excel,China,2011-12-11,8479
excel,China,2011-12-12,14337
excel,China,2011-12-13,15099
excel,China,2011-12-14,15536
excel,China,2011-12-15,15443
excel,China,2011-12-16,14115
excel,China,2011-12-17,9550
excel,China,2011-12-18,8755
excel,China,2011-12-19,14729
excel,China,2011-12-20,14962
excel,China,2011-12-21,15102
excel,China,2011-12-22,14667
excel,China,2011-12-23,14152
excel,China,2011-12-24,9054
excel,China,2011-12-25,8104
excel,China,2011-12-26,14317
excel,China,2011-12-27,14750
excel,China,2011-12-28,15237
excel,China,2011-12-29,14688
excel,China,2011-12-30,12928
excel,China,2011-12-31,10290
excel,China,2012-01-01,6361
excel,China,2012-01-02,7717
excel,China,2012-01-03,9188
excel,China,2012-01-04,13701
excel,China,2012-01-05,13066
excel,China,2012-01-06,12155
excel,China,2012-01-07,8597
excel,China,2012-01-08,7916
excel,China,2012-01-09,13358
excel,China,2012-01-10,13825
excel,China,2012-01-11,13223
excel,China,2012-01-12,12743
excel,China,2012-01-13,11785
excel,China,2012-01-14,8629
excel,China,2012-01-15,7446
excel,China,2012-01-16,9687
excel,China,2012-01-17,8557
excel,China,2012-01-18,7588
excel,China,2012-01-19,6843
excel,China,2012-01-20,5997
excel,China,2012-01-21,3740
excel,China,2012-01-22,2327
excel,China,2012-01-23,2252
excel,China,2012-01-24,2560
excel,China,2012-01-25,2659
excel,China,2012-01-26,2916
excel,China,2012-01-27,3201
excel,China,2012-01-28,3835
excel,China,2012-01-29,6576
excel,China,2012-01-30,9255
excel,China,2012-01-31,10835
excel,China,2012-02-01,12654
excel,China,2012-02-02,12835
excel,China,2012-02-03,12361
excel,China,2012-02-04,8983
excel,China,2012-02-05,7810
excel,China,2012-02-06,11493
excel,China,2012-02-07,13391
excel,China,2012-02-08,13982
excel,China,2012-02-09,14497
excel,China,2012-02-10,14857
excel,China,2012-02-11,11020
excel,China,2012-02-12,9834
excel,China,2012-02-13,16647
excel,China,2012-02-14,15914
excel,China,2012-02-15,17165
excel,China,2012-02-16,17337
excel,China,2012-02-17,16547
excel,China,2012-02-18,11348
excel,China,2012-02-19,9904
excel,China,2012-02-20,17481
excel,China,2012-02-21,17997
excel,China,2012-02-22,18027
excel,China,2012-02-23,17478
excel,China,2012-02-24,16437
excel,China,2012-02-25,11783
excel,China,2012-02-26,10226
excel,China,2012-02-27,17297
excel,China,2012-02-28,17796
excel,China,2012-02-29,18463
excel,China,2012-03-01,19456
excel,China,2012-03-02,18187
excel,China,2012-03-03,12666
excel,China,2012-03-04,11235
excel,China,2012-03-05,17953
excel,China,2012-03-06,17606
excel,China,2012-03-07,18336
excel,China,2012-03-08,16386
excel,China,2012-03-09,16632
excel,China,2012-03-10,10764
excel,China,2012-03-11,9645
excel,China,2012-03-12,15394
excel,China,2012-03-13,15339
excel,China,2012-03-14,15312
excel,China,2012-03-15,15386
excel,China,2012-03-16,14372
excel,China,2012-03-17,10718
excel,China,2012-03-18,9446
excel,China,2012-03-19,15629
excel,China,2012-03-20,16505
excel,China,2012-03-21,16772
excel,China,2012-03-22,17050
excel,China,2012-03-23,16701
excel,China,2012-03-24,11253
excel,China,2012-03-25,9743
excel,China,2012-03-26,17164
excel,China,2012-03-27,17292
excel,China,2012-03-28,17345
excel,China,2012-03-29,17582
excel,China,2012-03-30,17522
excel,China,2012-03-31,16608
excel,China,2012-04-01,15091
excel,China,2012-04-02,10953
excel,China,2012-04-03,9408
excel,China,2012-04-04,9263
excel,China,2012-04-05,16397
excel,China,2012-04-06,15069
excel,China,2012-04-07,11019
excel,China,2012-04-08,10029
excel,China,2012-04-09,16816
excel,China,2012-04-10,16751
excel,China,2012-04-11,15866
excel,China,2012-04-12,16239
excel,China,2012-04-13,14791
excel,China,2012-04-14,10385
excel,China,2012-04-15,9055
excel,China,2012-04-16,15797
excel,China,2012-04-17,15656
excel,China,2012-04-18,15502
excel,China,2012-04-19,15649
excel,China,2012-04-20,14860
excel,China,2012-04-21,10445
excel,China,2012-04-22,8562
excel,China,2012-04-23,15041
excel,China,2012-04-24,15468
excel,China,2012-04-25,15713
excel,China,2012-04-26,14886
excel,China,2012-04-27,13915
excel,China,2012-04-28,12915
excel,China,2012-04-29,8047
excel,China,2012-04-30,7427
excel,China,2012-05-01,7598
excel,China,2012-05-02,14709
excel,China,2012-05-03,15413
excel,China,2012-05-04,14557
excel,China,2012-05-05,10493
excel,China,2012-05-06,8994
excel,China,2012-05-07,15818
excel,China,2012-05-08,15887
excel,China,2012-05-09,15811
excel,China,2012-05-10,15167
excel,China,2012-05-11,14442
excel,China,2012-05-12,10166
excel,China,2012-05-13,8820
excel,China,2012-05-14,15412
excel,China,2012-05-15,15111
excel,China,2012-05-16,14717
excel,China,2012-05-17,14387
excel,China,2012-05-18,13623
excel,China,2012-05-19,9527
excel,China,2012-05-20,8092
excel,China,2012-05-21,14550
excel,China,2012-05-22,14593
excel,China,2012-05-23,14797
excel,China,2012-05-24,14791
excel,China,2012-05-25,13982
excel,China,2012-05-26,9803
excel,China,2012-05-27,8333
excel,China,2012-05-28,14144
excel,China,2012-05-29,14529
excel,China,2012-05-30,15059
excel,China,2012-05-31,15252
excel,China,2012-06-01,14121
excel,China,2012-06-02,10427
excel,China,2012-06-03,8962
excel,China,2012-06-04,15965
excel,China,2012-06-05,15685
excel,China,2012-06-06,15969
excel,China,2012-06-07,15484
excel,China,2012-06-08,14548
excel,China,2012-06-09,9929
excel,China,2012-06-10,6140
excel,China,2012-06-11,8179
excel,China,2012-06-12,10310
excel,China,2012-06-13,13471
excel,China,2012-06-14,13437
excel,China,2012-06-15,12078
excel,China,2012-06-16,8515
excel,China,2012-06-17,7439
excel,China,2012-06-18,12581
excel,China,2012-06-19,12964
excel,China,2012-06-20,12952
excel,China,2012-06-21,11459
excel,China,2012-06-22,7558
excel,China,2012-06-23,5576
excel,China,2012-06-24,7020
excel,China,2012-06-25,12757
excel,China,2012-06-26,12913
excel,China,2012-06-27,13080
excel,China,2012-06-28,12771
excel,China,2012-06-29,12252
excel,China,2012-06-30,9240
excel,China,2012-07-01,8223
excel,China,2012-07-02,13521
excel,China,2012-07-03,13834
excel,China,2012-07-04,13536
excel,China,2012-07-05,13187
excel,China,2012-07-06,12146
excel,China,2012-07-07,8430
excel,China,2012-07-08,7174
excel,China,2012-07-09,12095
excel,China,2012-07-10,12197
excel,China,2012-07-11,11909
excel,China,2012-07-12,11738
excel,China,2012-07-13,11608
excel,China,2012-07-14,7809
excel,China,2012-07-15,6983
excel,China,2012-07-16,11905
excel,China,2012-07-17,12175
excel,China,2012-07-18,11660
excel,China,2012-07-19,11645
excel,China,2012-07-20,11267
excel,China,2012-07-21,7606
excel,China,2012-07-22,6968
excel,China,2012-07-23,12165
excel,China,2012-07-24,12171
excel,China,2012-07-25,12085
excel,China,2012-07-26,12351
excel,China,2012-07-27,11367
excel,China,2012-07-28,7581
excel,China,2012-07-29,6889
excel,China,2012-07-30,12343
excel,China,2012-07-31,13010
excel,China,2012-08-01,13666
excel,China,2012-08-02,13042
excel,China,2012-08-03,11892
excel,China,2012-08-04,8023
excel,China,2012-08-05,6845
excel,China,2012-08-06,12126
excel,China,2012-08-07,11608
excel,China,2012-08-08,11530
excel,China,2012-08-09,11895
excel,China,2012-08-10,10628
excel,China,2012-08-11,7098
excel,China,2012-08-12,6574
excel,China,2012-08-13,11117
excel,China,2012-08-14,10928
excel,China,2012-08-15,10844
excel,China,2012-08-16,11193
excel,China,2012-08-17,9180
excel,China,2012-08-18,6883
excel,China,2012-08-19,5919
excel,China,2012-08-20,9785
excel,China,2012-08-21,9825
excel,China,2012-08-22,9847
excel,China,2012-08-23,9173
excel,China,2012-08-24,9268
excel,China,2012-08-25,6410
excel,China,2012-08-26,5504
excel,China,2012-08-27,10280
excel,China,2012-08-28,10168
excel,China,2012-08-29,10360
excel,China,2012-08-30,10485
excel,China,2012-08-31,9967
excel,China,2012-09-01,7577
excel,China,2012-09-02,6821
excel,China,2012-09-03,11039
excel,China,2012-09-04,10934
excel,China,2012-09-05,10822
excel,China,2012-09-06,10817
excel,China,2012-09-07,10357
excel,China,2012-09-08,7395
excel,China,2012-09-09,6527
excel,China,2012-09-10,10327
excel,China,2012-09-11,11208
excel,China,2012-09-12,12182
excel,China,2012-09-13,11851
excel,China,2012-09-14,10558
excel,China,2012-09-15,7495
excel,China,2012-09-16,6586
excel,China,2012-09-17,11121
excel,China,2012-09-18,11374
excel,China,2012-09-19,11524
excel,China,2012-09-20,11459
excel,China,2012-09-21,11592
excel,China,2012-09-22,8014
excel,China,2012-09-23,7109
excel,China,2012-09-24,11867
excel,China,2012-09-25,11363
excel,China,2012-09-26,11126
excel,China,2012-09-27,10164
excel,China,2012-09-28,9711
excel,China,2012-09-29,7212
excel,China,2012-09-30,4055
excel,China,2012-10-01,4230
excel,China,2012-10-02,4673
excel,China,2012-10-03,4857
excel,China,2012-10-04,4962
excel,China,2012-10-05,5582
excel,China,2012-10-06,5756
excel,China,2012-10-07,6558
excel,China,2012-10-08,11051
excel,China,2012-10-09,12136
excel,China,2012-10-10,12607
excel,China,2012-10-11,12192
excel,China,2012-10-12,11133
excel,China,2012-10-13,8622
excel,China,2012-10-14,7931
excel,China,2012-10-15,12991
excel,China,2012-10-16,12575
excel,China,2012-10-17,12178
excel,China,2012-10-18,12061
excel,China,2012-10-19,11256
excel,China,2012-10-20,7625
excel,China,2012-10-21,7020
excel,China,2012-10-22,12043
excel,China,2012-10-23,11618
excel,China,2012-10-24,11949
excel,China,2012-10-25,12089
excel,China,2012-10-26,11066
excel,China,2012-10-27,7325
excel,China,2012-10-28,6620
excel,China,2012-10-29,11303
excel,China,2012-10-30,11044
excel,China,2012-10-31,10864
excel,China,2012-11-01,11302
excel,China,2012-11-02,10569
excel,China,2012-11-03,7209
excel,China,2012-11-04,6443
excel,China,2012-11-05,11373
excel,China,2012-11-06,12132
excel,China,2012-11-07,12134
excel,China,2012-11-08,12194
excel,China,2012-11-09,11007
excel,China,2012-11-10,7618
excel,China,2012-11-11,5966
excel,China,2012-11-12,11789
excel,China,2012-11-13,11959
excel,China,2012-11-14,12318
excel,China,2012-11-15,12119
excel,China,2012-11-16,11209
excel,China,2012-11-17,7745
excel,China,2012-11-18,6679
excel,China,2012-11-19,11667
excel,China,2012-11-20,12233
excel,China,2012-11-21,12329
excel,China,2012-11-22,11590
excel,China,2012-11-23,11073
excel,China,2012-11-24,7142
excel,China,2012-11-25,6638
excel,China,2012-11-26,11444
excel,China,2012-11-27,11425
excel,China,2012-11-28,11844
excel,China,2012-11-29,11582
excel,China,2012-11-30,11134
excel,China,2012-12-01,7923
excel,China,2012-12-02,7144
excel,China,2012-12-03,11923
excel,China,2012-12-04,12078
excel,China,2012-12-05,11809
excel,China,2012-12-06,11695
excel,China,2012-12-07,10803
excel,China,2012-12-08,7275
excel,China,2012-12-09,6669
excel,China,2012-12-10,11417
excel,China,2012-12-11,10108
excel,China,2012-12-12,7017
excel,China,2012-12-13,11691
excel,China,2012-12-14,10797
excel,China,2012-12-15,7364
excel,China,2012-12-16,6998
excel,China,2012-12-17,11517
excel,China,2012-12-18,11082
excel,China,2012-12-19,10839
excel,China,2012-12-20,10693
excel,China,2012-12-21,9309
excel,China,2012-12-22,6375
excel,China,2012-12-23,5743
excel,China,2012-12-24,9381
excel,China,2012-12-25,10204
excel,China,2012-12-26,10626
excel,China,2012-12-27,11012
excel,China,2012-12-28,10060
excel,China,2012-12-29,7222
excel,China,2012-12-30,6006
excel,China,2012-12-31,7184
excel,China,2013-01-01,4434
excel,China,2013-01-02,5773
excel,China,2013-01-03,6431
excel,China,2013-01-04,9069
excel,China,2013-01-05,9310
excel,China,2013-01-06,9403
excel,China,2013-01-07,9904
excel,China,2013-01-08,10333
excel,China,2013-01-09,10358
excel,China,2013-01-10,10520
excel,China,2013-01-11,9942
excel,China,2013-01-12,6598
excel,China,2013-01-13,6031
excel,China,2013-01-14,11224
excel,China,2013-01-15,10431
excel,China,2013-01-16,9942
excel,China,2013-01-17,9719
excel,China,2013-01-18,8778
excel,China,2013-01-19,6240
excel,China,2013-01-20,5801
excel,China,2013-01-21,9668
excel,China,2013-01-22,10646
excel,China,2013-01-23,10984
excel,China,2013-01-24,10703
excel,China,2013-01-25,9342
excel,China,2013-01-26,6137
excel,China,2013-01-27,5724
excel,China,2013-01-28,10527
excel,China,2013-01-29,10412
excel,China,2013-01-30,9387
excel,China,2013-01-31,8611
excel,China,2013-02-01,7311
excel,China,2013-02-02,5103
excel,China,2013-02-03,4552
excel,China,2013-02-04,7529
excel,China,2013-02-05,7076
excel,China,2013-02-06,5634
excel,China,2013-02-07,4469
excel,China,2013-02-08,3009
excel,China,2013-02-09,1723
excel,China,2013-02-10,1721
excel,China,2013-02-11,2028
excel,China,2013-02-12,1989
excel,China,2013-02-13,2239
excel,China,2013-02-14,2311
excel,China,2013-02-15,2709
excel,China,2013-02-16,4667
excel,China,2013-02-17,6689
excel,China,2013-02-18,7939
excel,China,2013-02-19,9095
excel,China,2013-02-20,10059
excel,China,2013-02-21,10476
excel,China,2013-02-22,10696
excel,China,2013-02-23,7134
excel,China,2013-02-24,6139
excel,China,2013-02-25,11408
excel,China,2013-02-26,12115
excel,China,2013-02-27,12470
excel,China,2013-02-28,12576
excel,China,2013-03-01,12682
excel,China,2013-03-02,8674
excel,China,2013-03-03,7802
excel,China,2013-03-04,13054
excel,China,2013-03-05,12906
excel,China,2013-03-06,13236
excel,China,2013-03-07,13067
excel,China,2013-03-08,11011
excel,China,2013-03-09,8601
excel,China,2013-03-10,8037
excel,China,2013-03-11,13319
excel,China,2013-03-12,13758
excel,China,2013-03-13,13288
excel,China,2013-03-14,13197
excel,China,2013-03-15,11964
excel,China,2013-03-16,8513
excel,China,2013-03-17,8104
excel,China,2013-03-18,13154
excel,China,2013-03-19,13384
excel,China,2013-03-20,12968
excel,China,2013-03-21,12633
excel,China,2013-03-22,11854
excel,China,2013-03-23,8294
excel,China,2013-03-24,7512
excel,China,2013-03-25,12646
excel,China,2013-03-26,13053
excel,China,2013-03-27,12453
excel,China,2013-03-28,12701
excel,China,2013-03-29,12500
excel,China,2013-03-30,9190
excel,China,2013-03-31,7710
excel,China,2013-04-01,13483
excel,China,2013-04-02,12969
excel,China,2013-04-03,11409
excel,China,2013-04-04,6651
excel,China,2013-04-05,7231
excel,China,2013-04-06,7192
excel,China,2013-04-07,11417
excel,China,2013-04-08,12714
excel,China,2013-04-09,12700
excel,China,2013-04-10,12617
excel,China,2013-04-11,12967
excel,China,2013-04-12,11748
excel,China,2013-04-13,8218
excel,China,2013-04-14,7548
excel,China,2013-04-15,12559
excel,China,2013-04-16,13457
excel,China,2013-04-17,12976
excel,China,2013-04-18,12219
excel,China,2013-04-19,11772
excel,China,2013-04-20,7566
excel,China,2013-04-21,7136
excel,China,2013-04-22,12143
excel,China,2013-04-23,12536
excel,China,2013-04-24,12108
excel,China,2013-04-25,12073
excel,China,2013-04-26,11617
excel,China,2013-04-27,11277
excel,China,2013-04-28,10522
excel,China,2013-04-29,6947
excel,China,2013-04-30,6720
excel,China,2013-05-01,6188
excel,China,2013-05-02,11568
excel,China,2013-05-03,12160
excel,China,2013-05-04,8639
excel,China,2013-05-05,7926
excel,China,2013-05-06,13011
excel,China,2013-05-07,12263
excel,China,2013-05-08,12743
excel,China,2013-05-09,12850
excel,China,2013-05-10,11101
excel,China,2013-05-11,6880
excel,China,2013-05-12,6116
excel,China,2013-05-13,11539
excel,China,2013-05-14,12366
excel,China,2013-05-15,12387
excel,China,2013-05-16,12094
excel,China,2013-05-17,11119
excel,China,2013-05-18,7758
excel,China,2013-05-19,6976
excel,China,2013-05-20,12043
excel,China,2013-05-21,12255
excel,China,2013-05-22,12419
excel,China,2013-05-23,12210
excel,China,2013-05-24,11374
excel,China,2013-05-25,7972
excel,China,2013-05-26,7225
excel,China,2013-05-27,12071
excel,China,2013-05-28,12378
excel,China,2013-05-29,12235
excel,China,2013-05-30,11941
excel,China,2013-05-31,11230
excel,China,2013-06-01,8119
excel,China,2013-06-02,7697
excel,China,2013-06-03,13053
excel,China,2013-06-04,12960
excel,China,2013-06-05,12871
excel,China,2013-06-06,12751
excel,China,2013-06-07,12034
excel,China,2013-06-08,11741
excel,China,2013-06-09,10719
excel,China,2013-06-10,7364
excel,China,2013-06-11,6327
excel,China,2013-06-12,5894
excel,China,2013-06-13,11433
excel,China,2013-06-14,10953
excel,China,2013-06-15,8496
excel,China,2013-06-16,7592
excel,China,2013-06-17,12104
excel,China,2013-06-18,11747
excel,China,2013-06-19,11863
excel,China,2013-06-20,11900
excel,China,2013-06-21,11111
excel,China,2013-06-22,7931
excel,China,2013-06-23,6972
excel,China,2013-06-24,11709
excel,China,2013-06-25,11598
excel,China,2013-06-26,11754
excel,China,2013-06-27,11649
excel,China,2013-06-28,10752
excel,China,2013-06-29,8066
excel,China,2013-06-30,7117
excel,China,2013-07-01,12794
excel,China,2013-07-02,12635
excel,China,2013-07-03,12587
excel,China,2013-07-04,12690
excel,China,2013-07-05,11700
excel,China,2013-07-06,8141
excel,China,2013-07-07,6887
excel,China,2013-07-08,11256
excel,China,2013-07-09,11776
excel,China,2013-07-10,11907
excel,China,2013-07-11,11666
excel,China,2013-07-12,10774
excel,China,2013-07-13,7351
excel,China,2013-07-14,6760
excel,China,2013-07-15,10931
excel,China,2013-07-16,11051
excel,China,2013-07-17,11298
excel,China,2013-07-18,11998
excel,China,2013-07-19,10977
excel,China,2013-07-20,7505
excel,China,2013-07-21,6476
excel,China,2013-07-22,11147
excel,China,2013-07-23,11402
excel,China,2013-07-24,11188
excel,China,2013-07-25,10764
excel,China,2013-07-26,10350
excel,China,2013-07-27,7288
excel,China,2013-07-28,6717
excel,China,2013-07-29,11206
excel,China,2013-07-30,10677
excel,China,2013-07-31,11091
excel,China,2013-08-01,12247
excel,China,2013-08-02,11486
excel,China,2013-08-03,7812
excel,China,2013-08-04,6263
excel,China,2013-08-05,9506
excel,China,2013-08-06,9468
excel,China,2013-08-07,10526
excel,China,2013-08-08,10263
excel,China,2013-08-09,9443
excel,China,2013-08-10,6733
excel,China,2013-08-11,6057
excel,China,2013-08-12,10032
excel,China,2013-08-13,9312
excel,China,2013-08-14,10183
excel,China,2013-08-15,10089
excel,China,2013-08-16,7693
excel,China,2013-08-17,5638
excel,China,2013-08-18,6206
excel,China,2013-08-19,10862
excel,China,2013-08-20,10490
excel,China,2013-08-21,10619
excel,China,2013-08-22,10760
excel,China,2013-08-23,10122
excel,China,2013-08-24,7490
excel,China,2013-08-25,6980
excel,China,2013-08-26,10968
excel,China,2013-08-27,11046
excel,China,2013-08-28,11285
excel,China,2013-08-29,11495
excel,China,2013-08-30,11432
excel,China,2013-08-31,8455
excel,China,2013-09-01,8230
excel,China,2013-09-02,13963
excel,China,2013-09-03,13410
excel,China,2013-09-04,13202
excel,China,2013-09-05,13621
excel,China,2013-09-06,12110
excel,China,2013-09-07,8481
excel,China,2013-09-08,7749
excel,China,2013-09-09,12632
excel,China,2013-09-10,12713
excel,China,2013-09-11,13411
excel,China,2013-09-12,13115
excel,China,2013-09-13,12474
excel,China,2013-09-14,9140
excel,China,2013-09-15,8279
excel,China,2013-09-16,13155
excel,China,2013-09-17,13054
excel,China,2013-09-18,10195
excel,China,2013-09-19,5483
excel,China,2013-09-20,6798
excel,China,2013-09-21,7816
excel,China,2013-09-22,11840
excel,China,2013-09-23,12739
excel,China,2013-09-24,12712
excel,China,2013-09-25,12386
excel,China,2013-09-26,12170
excel,China,2013-09-27,11241
excel,China,2013-09-28,8304
excel,China,2013-09-29,10591
excel,China,2013-09-30,9209
excel,China,2013-10-01,5775
excel,China,2013-10-02,5409
excel,China,2013-10-03,5363
excel,China,2013-10-04,5901
excel,China,2013-10-05,6496
excel,China,2013-10-06,6834
excel,China,2013-10-07,8373
excel,China,2013-10-08,12811
excel,China,2013-10-09,13052
excel,China,2013-10-10,14018
excel,China,2013-10-11,14588
excel,China,2013-10-12,12889
excel,China,2013-10-13,8377
excel,China,2013-10-14,13486
excel,China,2013-10-15,13837
excel,China,2013-10-16,13317
excel,China,2013-10-17,12491
excel,China,2013-10-18,11274
excel,China,2013-10-19,8044
excel,China,2013-10-20,7277
excel,China,2013-10-21,12283
excel,China,2013-10-22,12079
excel,China,2013-10-23,12173
excel,China,2013-10-24,11801
excel,China,2013-10-25,10723
excel,China,2013-10-26,7224
excel,China,2013-10-27,6686
excel,China,2013-10-28,11725
excel,China,2013-10-29,11740
excel,China,2013-10-30,11877
excel,China,2013-10-31,11964
excel,China,2013-11-01,12022
excel,China,2013-11-02,8599
excel,China,2013-11-03,7312
excel,China,2013-11-04,12739
excel,China,2013-11-05,12609
excel,China,2013-11-06,12713
excel,China,2013-11-07,12855
excel,China,2013-11-08,11445
excel,China,2013-11-09,7731
excel,China,2013-11-10,7001
excel,China,2013-11-11,10717
excel,China,2013-11-12,11897
excel,China,2013-11-13,12060
excel,China,2013-11-14,11768
excel,China,2013-11-15,10831
excel,China,2013-11-16,7336
excel,China,2013-11-17,6575
excel,China,2013-11-18,11431
excel,China,2013-11-19,11633
excel,China,2013-11-20,11523
excel,China,2013-11-21,11921
excel,China,2013-11-22,10450
excel,China,2013-11-23,7454
excel,China,2013-11-24,6812
excel,China,2013-11-25,11659
excel,China,2013-11-26,11884
excel,China,2013-11-27,11567
excel,China,2013-11-28,11238
excel,China,2013-11-29,10489
excel,China,2013-11-30,7442
excel,China,2013-12-01,6912
excel,China,2013-12-02,12231
excel,China,2013-12-03,12990
excel,China,2013-12-04,12906
excel,China,2013-12-05,12822
excel,China,2013-12-06,11739
excel,China,2013-12-07,7337
excel,China,2013-12-08,6812
excel,China,2013-12-09,11779
excel,China,2013-12-10,12473
excel,China,2013-12-11,12930
excel,China,2013-12-12,12126
excel,China,2013-12-13,11095
excel,China,2013-12-14,7721
excel,China,2013-12-15,6832
excel,China,2013-12-16,11416
excel,China,2013-12-17,11514
excel,China,2013-12-18,11395
excel,China,2013-12-19,11623
excel,China,2013-12-20,10160
excel,China,2013-12-21,6434
excel,China,2013-12-22,5826
excel,China,2013-12-23,10464
excel,China,2013-12-24,9960
excel,China,2013-12-25,11022
excel,China,2013-12-26,11215
excel,China,2013-12-27,10104
excel,China,2013-12-28,7127
excel,China,2013-12-29,6105
excel,China,2013-12-30,10477
excel,China,2013-12-31,9348
excel,China,2014-01-01,5725
excel,China,2014-01-02,11997
excel,China,2014-01-03,11348
excel,China,2014-01-04,7496
excel,China,2014-01-05,6391
excel,China,2014-01-06,11511
excel,China,2014-01-07,11455
excel,China,2014-01-08,11433
excel,China,2014-01-09,11139
excel,China,2014-01-10,10144
excel,China,2014-01-11,6492
excel,China,2014-01-12,5817
excel,China,2014-01-13,10353
excel,China,2014-01-14,10067
excel,China,2014-01-15,9385
excel,China,2014-01-16,9234
excel,China,2014-01-17,8980
excel,China,2014-01-18,6159
excel,China,2014-01-19,5385
excel,China,2014-01-20,8987
excel,China,2014-01-21,8814
excel,China,2014-01-22,8372
excel,China,2014-01-23,7917
excel,China,2014-01-24,5426
excel,China,2014-01-25,4897
excel,China,2014-01-26,5973
excel,China,2014-01-27,5719
excel,China,2014-01-28,4862
excel,China,2014-01-29,3671
excel,China,2014-01-30,2050
excel,China,2014-01-31,1772
excel,China,2014-02-01,2133
excel,China,2014-02-02,2198
excel,China,2014-02-03,2552
excel,China,2014-02-04,2588
excel,China,2014-02-05,2776
excel,China,2014-02-06,3166
excel,China,2014-02-07,5447
excel,China,2014-02-08,6857
excel,China,2014-02-09,5363
excel,China,2014-02-10,8331
excel,China,2014-02-11,8861
excel,China,2014-02-12,9196
excel,China,2014-02-13,8823
excel,China,2014-02-14,7375
excel,China,2014-02-15,7323
excel,China,2014-02-16,6578
excel,China,2014-02-17,10967
excel,China,2014-02-18,11346
excel,China,2014-02-19,10843
excel,China,2014-02-20,10430
excel,China,2014-02-21,9606
excel,China,2014-02-22,6714
excel,China,2014-02-23,6451
excel,China,2014-02-24,11294
excel,China,2014-02-25,12695
excel,China,2014-02-26,12754
excel,China,2014-02-27,12843
excel,China,2014-02-28,12349
excel,China,2014-03-01,8928
excel,China,2014-03-02,7776
excel,China,2014-03-03,12724
excel,China,2014-03-04,13420
excel,China,2014-03-05,13327
excel,China,2014-03-06,13414
excel,China,2014-03-07,11979
excel,China,2014-03-08,7842
excel,China,2014-03-09,7352
excel,China,2014-03-10,13166
excel,China,2014-03-11,13537
excel,China,2014-03-12,14024
excel,China,2014-03-13,13612
excel,China,2014-03-14,13105
excel,China,2014-03-15,8420
excel,China,2014-03-16,7323
excel,China,2014-03-17,11632
excel,China,2014-03-18,11334
excel,China,2014-03-19,12093
excel,China,2014-03-20,12875
excel,China,2014-03-21,12084
excel,China,2014-03-22,8541
excel,China,2014-03-23,7824
excel,China,2014-03-24,13427
excel,China,2014-03-25,12763
excel,China,2014-03-26,12452
excel,China,2014-03-27,12717
excel,China,2014-03-28,11956
excel,China,2014-03-29,8605
excel,China,2014-03-30,7430
excel,China,2014-03-31,13219
excel,China,2014-04-01,12666
excel,China,2014-04-02,12015
excel,China,2014-04-03,11382
excel,China,2014-04-04,9582
excel,China,2014-04-05,4949
excel,China,2014-04-06,4893
excel,China,2014-04-07,6156
excel,China,2014-04-08,11630
excel,China,2014-04-09,14606
excel,China,2014-04-10,13165
excel,China,2014-04-11,9248
excel,China,2014-04-12,6883
excel,China,2014-04-13,5827
excel,China,2014-04-14,9085
excel,China,2014-04-15,9777
excel,China,2014-04-16,9397
excel,China,2014-04-17,11349
excel,China,2014-04-18,11147
excel,China,2014-04-19,8222
excel,China,2014-04-20,6577
excel,China,2014-04-21,11206
excel,China,2014-04-22,10534
excel,China,2014-04-23,10860
excel,China,2014-04-24,11381
excel,China,2014-04-25,12653
excel,China,2014-04-26,8677
excel,China,2014-04-27,7189
excel,China,2014-04-28,12602
excel,China,2014-04-29,11649
excel,China,2014-04-30,10205
excel,China,2014-05-01,5911
excel,China,2014-05-02,6087
excel,China,2014-05-03,6676
excel,China,2014-05-04,12061
excel,China,2014-05-05,13709
excel,China,2014-05-06,14557
excel,China,2014-05-07,13197
excel,China,2014-05-08,13253
excel,China,2014-05-09,12635
excel,China,2014-05-10,8239
excel,China,2014-05-11,6519
excel,China,2014-05-12,10171
excel,China,2014-05-13,11374
excel,China,2014-05-14,12243
excel,China,2014-05-15,10768
excel,China,2014-05-16,8723
excel,China,2014-05-17,6651
excel,China,2014-05-18,6084
excel,China,2014-05-19,13249
excel,China,2014-05-20,15909
excel,China,2014-05-21,14638
excel,China,2014-05-22,14550
excel,China,2014-05-23,12413
excel,China,2014-05-24,10503
excel,China,2014-05-25,8655
excel,China,2014-05-26,15186
excel,China,2014-05-27,13403
excel,China,2014-05-28,12650
excel,China,2014-05-29,13152
excel,China,2014-05-30,11822
excel,China,2014-05-31,5280
excel,China,2014-06-01,4649
excel,China,2014-06-02,6719
excel,China,2014-06-03,14783
excel,China,2014-06-04,17459
excel,China,2014-06-05,17030
excel,China,2014-06-06,15333
excel,China,2014-06-07,9383
excel,China,2014-06-08,8194
excel,China,2014-06-09,13975
excel,China,2014-06-10,14217
excel,China,2014-06-11,13249
excel,China,2014-06-12,12735
excel,China,2014-06-13,10843
excel,China,2014-06-14,7407
excel,China,2014-06-15,6721
excel,China,2014-06-16,12511
excel,China,2014-06-17,13704
excel,China,2014-06-18,13469
excel,China,2014-06-19,14254
excel,China,2014-06-20,12833
excel,China,2014-06-21,8471
excel,China,2014-06-22,7327
excel,China,2014-06-23,12665
excel,China,2014-06-24,13051
excel,China,2014-06-25,12768
excel,China,2014-06-26,12601
excel,China,2014-06-27,11821
excel,China,2014-06-28,8233
excel,China,2014-06-29,7352
excel,China,2014-06-30,12615
excel,China,2014-07-01,13653
excel,China,2014-07-02,13922
excel,China,2014-07-03,13602
excel,China,2014-07-04,12634
excel,China,2014-07-05,8203
excel,China,2014-07-06,7348
excel,China,2014-07-07,12886
excel,China,2014-07-08,12799
excel,China,2014-07-09,12553
excel,China,2014-07-10,12785
excel,China,2014-07-11,11832
excel,China,2014-07-12,8112
excel,China,2014-07-13,7114
excel,China,2014-07-14,12673
excel,China,2014-07-15,13249
excel,China,2014-07-16,13298
excel,China,2014-07-17,12995
excel,China,2014-07-18,11723
excel,China,2014-07-19,7198
excel,China,2014-07-20,6972
excel,China,2014-07-21,12175
excel,China,2014-07-22,11992
excel,China,2014-07-23,12398
excel,China,2014-07-24,12093
excel,China,2014-07-25,11377
excel,China,2014-07-26,7628
excel,China,2014-07-27,6719
excel,China,2014-07-28,12140
excel,China,2014-07-29,12051
excel,China,2014-07-30,11836
excel,China,2014-07-31,11878
excel,China,2014-08-01,12070
excel,China,2014-08-02,7282
excel,China,2014-08-03,7021
excel,China,2014-08-04,12782
excel,China,2014-08-05,13091
excel,China,2014-08-06,12864
excel,China,2014-08-07,12120
excel,China,2014-08-08,10935
excel,China,2014-08-09,7247
excel,China,2014-08-10,6623
excel,China,2014-08-11,11517
excel,China,2014-08-12,11997
excel,China,2014-08-13,11446
excel,China,2014-08-14,11808
excel,China,2014-08-15,10741
excel,China,2014-08-16,6964
excel,China,2014-08-17,6568
excel,China,2014-08-18,11501
excel,China,2014-08-19,11077
excel,China,2014-08-20,11993
excel,China,2014-08-21,12864
excel,China,2014-08-22,12296
excel,China,2014-08-23,8193
excel,China,2014-08-24,7578
excel,China,2014-08-25,13009
excel,China,2014-08-26,13390
excel,China,2014-08-27,13144
excel,China,2014-08-28,13265
excel,China,2014-08-29,12051
excel,China,2014-08-30,8764
excel,China,2014-08-31,8402
excel,China,2014-09-01,15074
excel,China,2014-09-02,16399
excel,China,2014-09-03,15258
excel,China,2014-09-04,15525
excel,China,2014-09-05,13431
excel,China,2014-09-06,8295
excel,China,2014-09-07,7000
excel,China,2014-09-08,6140
excel,China,2014-09-09,14415
excel,China,2014-09-10,15111
excel,China,2014-09-11,15086
excel,China,2014-09-12,14333
excel,China,2014-09-13,10089
excel,China,2014-09-14,8937
excel,China,2014-09-15,15053
excel,China,2014-09-16,14984
excel,China,2014-09-17,15568
excel,China,2014-09-18,15388
excel,China,2014-09-19,14469
excel,China,2014-09-20,10252
excel,China,2014-09-21,9245
excel,China,2014-09-22,15633
excel,China,2014-09-23,15437
excel,China,2014-09-24,15251
excel,China,2014-09-25,15141
excel,China,2014-09-26,14152
excel,China,2014-09-27,9950
excel,China,2014-09-28,13660
excel,China,2014-09-29,13770
excel,China,2014-09-30,11487
excel,China,2014-10-01,6483
excel,China,2014-10-02,6425
excel,China,2014-10-03,6367
excel,China,2014-10-04,7053
excel,China,2014-10-05,6986
excel,China,2014-10-06,8164
excel,China,2014-10-07,9944
excel,China,2014-10-08,16622
excel,China,2014-10-09,16398
excel,China,2014-10-10,16020
excel,China,2014-10-11,14632
excel,China,2014-10-12,9717
excel,China,2014-10-13,16064
excel,China,2014-10-14,16629
excel,China,2014-10-15,15809
excel,China,2014-10-16,15244
excel,China,2014-10-17,14441
excel,China,2014-10-18,9598
excel,China,2014-10-19,9356
excel,China,2014-10-20,16184
excel,China,2014-10-21,15660
excel,China,2014-10-22,15666
excel,China,2014-10-23,16091
excel,China,2014-10-24,14602
excel,China,2014-10-25,9720
excel,China,2014-10-26,8676
excel,China,2014-10-27,15336
excel,China,2014-10-28,15068
excel,China,2014-10-29,15786
excel,China,2014-10-30,15291
excel,China,2014-10-31,14132
excel,China,2014-11-01,10317
excel,China,2014-11-02,9067
excel,China,2014-11-03,15609
excel,China,2014-11-04,15341
excel,China,2014-11-05,14756
excel,China,2014-11-06,14258
excel,China,2014-11-07,13213
excel,China,2014-11-08,8584
excel,China,2014-11-09,7494
excel,China,2014-11-10,13832
excel,China,2014-11-11,12707
excel,China,2014-11-12,14105
excel,China,2014-11-13,14386
excel,China,2014-11-14,13549
excel,China,2014-11-15,9270
excel,China,2014-11-16,7914
excel,China,2014-11-17,14604
excel,China,2014-11-18,14445
excel,China,2014-11-19,14201
excel,China,2014-11-20,13837
excel,China,2014-11-21,13582
excel,China,2014-11-22,8756
excel,China,2014-11-23,8265
excel,China,2014-11-24,15806
excel,China,2014-11-25,15652
excel,China,2014-11-26,15791
excel,China,2014-11-27,15428
excel,China,2014-11-28,14136
excel,China,2014-11-29,8801
excel,China,2014-11-30,9347
excel,China,2014-12-01,16882
excel,China,2014-12-02,16291
excel,China,2014-12-03,16280
excel,China,2014-12-04,14810
excel,China,2014-12-05,12692
excel,China,2014-12-06,9007
excel,China,2014-12-07,8305
excel,China,2014-12-08,14745
excel,China,2014-12-09,15163
excel,China,2014-12-10,14974
excel,China,2014-12-11,13982
excel,China,2014-12-12,13144
excel,China,2014-12-13,9426
excel,China,2014-12-14,8608
excel,China,2014-12-15,15295
excel,China,2014-12-16,15468
excel,China,2014-12-17,15018
excel,China,2014-12-18,15239
excel,China,2014-12-19,14272
excel,China,2014-12-20,9490
excel,China,2014-12-21,8995
excel,China,2014-12-22,14498
excel,China,2014-12-23,15652
excel,China,2014-12-24,14344
excel,China,2014-12-25,15387
excel,China,2014-12-26,15652
excel,China,2014-12-27,10989
excel,China,2014-12-28,10264
excel,China,2014-12-29,16497
excel,China,2014-12-30,17356
excel,China,2014-12-31,14969
excel,China,2015-01-01,6867
excel,China,2015-01-02,9026
excel,China,2015-01-03,9397
excel,China,2015-01-04,18793
excel,China,2015-01-05,18623
excel,China,2015-01-06,16427
excel,China,2015-01-07,15738
excel,China,2015-01-08,15840
excel,China,2015-01-09,14431
excel,China,2015-01-10,9761
excel,China,2015-01-11,8318
excel,China,2015-01-12,14914
excel,China,2015-01-13,14338
excel,China,2015-01-14,14268
excel,China,2015-01-15,14220
excel,China,2015-01-16,12936
excel,China,2015-01-17,8488
excel,China,2015-01-18,7319
excel,China,2015-01-19,13164
excel,China,2015-01-20,13633
excel,China,2015-01-21,13023
excel,China,2015-01-22,13033
excel,China,2015-01-23,12021
excel,China,2015-01-24,7771
excel,China,2015-01-25,7175
excel,China,2015-01-26,13159
excel,China,2015-01-27,12702
excel,China,2015-01-28,12349
excel,China,2015-01-29,12501
excel,China,2015-01-30,11367
excel,China,2015-01-31,7369
excel,China,2015-02-01,7032
excel,China,2015-02-02,12728
excel,China,2015-02-03,12450
excel,China,2015-02-04,11945
excel,China,2015-02-05,11408
excel,China,2015-02-06,10307
excel,China,2015-02-07,6741
excel,China,2015-02-08,5979
excel,China,2015-02-09,10317
excel,China,2015-02-10,9796
excel,China,2015-02-11,9264
excel,China,2015-02-12,8622
excel,China,2015-02-13,7486
excel,China,2015-02-14,4479
excel,China,2015-02-15,5946
excel,China,2015-02-16,4956
excel,China,2015-02-17,3580
excel,China,2015-02-18,2364
excel,China,2015-02-19,2206
excel,China,2015-02-20,2360
excel,China,2015-02-21,2474
excel,China,2015-02-22,2781
excel,China,2015-02-23,3173
excel,China,2015-02-24,3680
excel,China,2015-02-25,6750
excel,China,2015-02-26,9023
excel,China,2015-02-27,12097
excel,China,2015-02-28,15456
excel,China,2015-03-01,13088
excel,China,2015-03-02,22159
excel,China,2015-03-03,17280
excel,China,2015-03-04,23505
excel,China,2015-03-05,16179
excel,China,2015-03-06,13695
excel,China,2015-03-07,9713
excel,China,2015-03-08,8978
excel,China,2015-03-09,16857
excel,China,2015-03-10,16735
excel,China,2015-03-11,18062
excel,China,2015-03-12,17634
excel,China,2015-03-13,16350
excel,China,2015-03-14,12251
excel,China,2015-03-15,10854
excel,China,2015-03-16,17663
excel,China,2015-03-17,17566
excel,China,2015-03-18,17517
excel,China,2015-03-19,17488
excel,China,2015-03-20,16526
excel,China,2015-03-21,11102
excel,China,2015-03-22,9759
excel,China,2015-03-23,16066
excel,China,2015-03-24,15866
excel,China,2015-03-25,15738
excel,China,2015-03-26,15772
excel,China,2015-03-27,14512
excel,China,2015-03-28,9834
excel,China,2015-03-29,8768
excel,China,2015-03-30,15813
excel,China,2015-03-31,15964
excel,China,2015-04-01,17206
excel,China,2015-04-02,17243
excel,China,2015-04-03,15218
excel,China,2015-04-04,8407
excel,China,2015-04-05,7306
excel,China,2015-04-06,9577
excel,China,2015-04-07,16341
excel,China,2015-04-08,15930
excel,China,2015-04-09,16232
excel,China,2015-04-10,14608
excel,China,2015-04-11,10309
excel,China,2015-04-12,8843
excel,China,2015-04-13,15931
excel,China,2015-04-14,16146
excel,China,2015-04-15,16055
excel,China,2015-04-16,16483
excel,China,2015-04-17,15608
excel,China,2015-04-18,10507
excel,China,2015-04-19,9689
excel,China,2015-04-20,16352
excel,China,2015-04-21,16086
excel,China,2015-04-22,16428
excel,China,2015-04-23,16143
excel,China,2015-04-24,15278
excel,China,2015-04-25,10187
excel,China,2015-04-26,8763
excel,China,2015-04-27,15580
excel,China,2015-04-28,15487
excel,China,2015-04-29,14574
excel,China,2015-04-30,13090
excel,China,2015-05-01,6994
excel,China,2015-05-02,6346
excel,China,2015-05-03,8371
excel,China,2015-05-04,16484
excel,China,2015-05-05,16460
excel,China,2015-05-06,17044
excel,China,2015-05-07,16464
excel,China,2015-05-08,17438
excel,China,2015-05-09,12359
excel,China,2015-05-10,10687
excel,China,2015-05-11,18788
excel,China,2015-05-12,18166
excel,China,2015-05-13,17900
excel,China,2015-05-14,16864
excel,China,2015-05-15,14814
excel,China,2015-05-16,9923
excel,China,2015-05-17,9155
excel,China,2015-05-18,16478
excel,China,2015-05-19,16519
excel,China,2015-05-20,16127
excel,China,2015-05-21,16574
excel,China,2015-05-22,14885
excel,China,2015-05-23,10215
excel,China,2015-05-24,8988
excel,China,2015-05-25,16305
excel,China,2015-05-26,16383
excel,China,2015-05-27,15894
excel,China,2015-05-28,15960
excel,China,2015-05-29,14752
excel,China,2015-05-30,9791
excel,China,2015-05-31,9766
excel,China,2015-06-01,17114
excel,China,2015-06-02,17702
excel,China,2015-06-03,17868
excel,China,2015-06-04,17742
excel,China,2015-06-05,18790
excel,China,2015-06-06,12712
excel,China,2015-06-07,11626
excel,China,2015-06-08,19986
excel,China,2015-06-09,20096
excel,China,2015-06-10,19798
excel,China,2015-06-11,20506
excel,China,2015-06-12,18172
excel,China,2015-06-13,12241
excel,China,2015-06-14,11911
excel,China,2015-06-15,21779
excel,China,2015-06-16,21545
excel,China,2015-06-17,17089
excel,China,2015-06-18,15744
excel,China,2015-06-19,13239
excel,China,2015-06-20,7856
excel,China,2015-06-21,8908
excel,China,2015-06-22,12577
excel,China,2015-06-23,21176
excel,China,2015-06-24,21993
excel,China,2015-06-25,21707
excel,China,2015-06-26,20651
excel,China,2015-06-27,13739
excel,China,2015-06-28,11888
excel,China,2015-06-29,19560
excel,China,2015-06-30,18686
excel,China,2015-07-01,19115
excel,China,2015-07-02,20116
excel,China,2015-07-03,18738
excel,China,2015-07-04,12011
excel,China,2015-07-05,10977
excel,China,2015-07-06,19408
excel,China,2015-07-07,19251
excel,China,2015-07-08,19681
excel,China,2015-07-09,19494
excel,China,2015-07-10,18455
excel,China,2015-07-11,11719
excel,China,2015-07-12,10313
excel,China,2015-07-13,18717
excel,China,2015-07-14,19074
excel,China,2015-07-15,18538
excel,China,2015-07-16,18236
excel,China,2015-07-17,16834
excel,China,2015-07-18,10421
excel,China,2015-07-19,9687
excel,China,2015-07-20,17806
excel,China,2015-07-21,17585
excel,China,2015-07-22,17489
excel,China,2015-07-23,17519
excel,China,2015-07-24,16536
excel,China,2015-07-25,10631
excel,China,2015-07-26,9526
excel,China,2015-07-27,17512
excel,China,2015-07-28,17951
excel,China,2015-07-29,18058
excel,China,2015-07-30,18229
excel,China,2015-07-31,17592
excel,China,2015-08-01,12312
excel,China,2015-08-02,10908
excel,China,2015-08-03,19354
excel,China,2015-08-04,19382
excel,China,2015-08-05,18964
excel,China,2015-08-06,18506
excel,China,2015-08-07,16956
excel,China,2015-08-08,11073
excel,China,2015-08-09,9841
excel,China,2015-08-10,18498
excel,China,2015-08-11,18340
excel,China,2015-08-12,17825
excel,China,2015-08-13,17776
excel,China,2015-08-14,16409
excel,China,2015-08-15,10964
excel,China,2015-08-16,9629
excel,China,2015-08-17,17738
excel,China,2015-08-18,17836
excel,China,2015-08-19,17376
excel,China,2015-08-20,15953
excel,China,2015-08-21,16091
excel,China,2015-08-22,10747
excel,China,2015-08-23,9624
excel,China,2015-08-24,17354
excel,China,2015-08-25,17291
excel,China,2015-08-26,17130
excel,China,2015-08-27,17566
excel,China,2015-08-28,16310
excel,China,2015-08-29,11238
excel,China,2015-08-30,10790
excel,China,2015-08-31,18832
excel,China,2015-09-01,20473
excel,China,2015-09-02,17514
excel,China,2015-09-03,9254
excel,China,2015-09-04,10999
excel,China,2015-09-05,11218
excel,China,2015-09-06,18472
excel,China,2015-09-07,19673
excel,China,2015-09-08,19609
excel,China,2015-09-09,20380
excel,China,2015-09-10,19864
excel,China,2015-09-11,18391
excel,China,2015-09-12,12333
excel,China,2015-09-13,11049
excel,China,2015-09-14,19644
excel,China,2015-09-15,19939
excel,China,2015-09-16,20331
excel,China,2015-09-17,20880
excel,China,2015-09-18,19380
excel,China,2015-09-19,13429
excel,China,2015-09-20,11349
excel,China,2015-09-21,19571
excel,China,2015-09-22,20207
excel,China,2015-09-23,19893
excel,China,2015-09-24,19267
excel,China,2015-09-25,16652
excel,China,2015-09-26,10019
excel,China,2015-09-27,7679
excel,China,2015-09-28,17621
excel,China,2015-09-29,17421
excel,China,2015-09-30,14767
excel,China,2015-10-01,8413
excel,China,2015-10-02,7564
excel,China,2015-10-03,7614
excel,China,2015-10-04,8150
excel,China,2015-10-05,9619
excel,China,2015-10-06,10854
excel,China,2015-10-07,12215
excel,China,2015-10-08,19775
excel,China,2015-10-09,20134
excel,China,2015-10-10,18629
excel,China,2015-10-11,11811
excel,China,2015-10-12,20453
excel,China,2015-10-13,21194
excel,China,2015-10-14,21634
excel,China,2015-10-15,20426
excel,China,2015-10-16,18892
excel,China,2015-10-17,12242
excel,China,2015-10-18,11032
excel,China,2015-10-19,20418
excel,China,2015-10-20,19934
excel,China,2015-10-21,19428
excel,China,2015-10-22,19038
excel,China,2015-10-23,17689
excel,China,2015-10-24,11768
excel,China,2015-10-25,10879
excel,China,2015-10-26,19704
excel,China,2015-10-27,19402
excel,China,2015-10-28,19172
excel,China,2015-10-29,18703
excel,China,2015-10-30,16156
excel,China,2015-10-31,10313
excel,China,2015-11-01,10305
excel,China,2015-11-02,19354
excel,China,2015-11-03,20430
excel,China,2015-11-04,20556
excel,China,2015-11-05,20384
excel,China,2015-11-06,19160
excel,China,2015-11-07,12328
excel,China,2015-11-08,10921
excel,China,2015-11-09,20076
excel,China,2015-11-10,18988
excel,China,2015-11-11,17538
excel,China,2015-11-12,20223
excel,China,2015-11-13,18953
excel,China,2015-11-14,11325
excel,China,2015-11-15,10702
excel,China,2015-11-16,20665
excel,China,2015-11-17,20848
excel,China,2015-11-18,20533
excel,China,2015-11-19,20612
excel,China,2015-11-20,18681
excel,China,2015-11-21,12383
excel,China,2015-11-22,10715
excel,China,2015-11-23,20050
excel,China,2015-11-24,20181
excel,China,2015-11-25,19332
excel,China,2015-11-26,18996
excel,China,2015-11-27,17439
excel,China,2015-11-28,11073
excel,China,2015-11-29,9687
excel,China,2015-11-30,20132
excel,China,2015-12-01,22348
excel,China,2015-12-02,21991
excel,China,2015-12-03,21376
excel,China,2015-12-04,19569
excel,China,2015-12-05,12464
excel,China,2015-12-06,11327
excel,China,2015-12-07,21130
excel,China,2015-12-08,21337
excel,China,2015-12-09,21479
excel,China,2015-12-10,21136
excel,China,2015-12-11,19488
excel,China,2015-12-12,11655
excel,China,2015-12-13,11546
excel,China,2015-12-14,21265
excel,China,2015-12-15,20702
excel,China,2015-12-16,19581
excel,China,2015-12-17,19795
excel,China,2015-12-18,18314
excel,China,2015-12-19,11939
excel,China,2015-12-20,10928
excel,China,2015-12-21,20280
excel,China,2015-12-22,19470
excel,China,2015-12-23,21542
excel,China,2015-12-24,23282
excel,China,2015-12-25,19863
excel,China,2015-12-26,12440
excel,China,2015-12-27,10649
excel,China,2015-12-28,19676
excel,China,2015-12-29,19706
excel,China,2015-12-30,18998
excel,China,2015-12-31,15694
excel,China,2016-01-01,7930
excel,China,2016-01-02,9370
excel,China,2016-01-03,11251
excel,China,2016-01-04,22925
excel,China,2016-01-05,22171
excel,China,2016-01-06,21850
excel,China,2016-01-07,21591
excel,China,2016-01-08,19723
excel,China,2016-01-09,12279
excel,China,2016-01-10,11235
excel,China,2016-01-11,20244
excel,China,2016-01-12,19843
excel,China,2016-01-13,19731
excel,China,2016-01-14,20710
excel,China,2016-01-15,17407
excel,China,2016-01-16,10560
excel,China,2016-01-17,9243
excel,China,2016-01-18,17871
excel,China,2016-01-19,17903
excel,China,2016-01-20,17718
excel,China,2016-01-21,17791
excel,China,2016-01-22,16179
excel,China,2016-01-23,9816
excel,China,2016-01-24,8380
excel,China,2016-01-25,15928
excel,China,2016-01-26,15708
excel,China,2016-01-27,15520
excel,China,2016-01-28,16009
excel,China,2016-01-29,15052
excel,China,2016-01-30,9508
excel,China,2016-01-31,8702
excel,China,2016-02-01,14495
excel,China,2016-02-02,13057
excel,China,2016-02-03,11247
excel,China,2016-02-04,9558
excel,China,2016-02-05,7233
excel,China,2016-02-06,3938
excel,China,2016-02-07,2155
excel,China,2016-02-08,2201
excel,China,2016-02-09,2467
excel,China,2016-02-10,2818
excel,China,2016-02-11,3160
excel,China,2016-02-12,3594
excel,China,2016-02-13,4141
excel,China,2016-02-14,6784
excel,China,2016-02-15,10243
excel,China,2016-02-16,12388
excel,China,2016-02-17,13902
excel,China,2016-02-18,15214
excel,China,2016-02-19,14983
excel,China,2016-02-20,9754
excel,China,2016-02-21,8642
excel,China,2016-02-22,15008
excel,China,2016-02-23,17258
excel,China,2016-02-24,17915
excel,China,2016-02-25,18325
excel,China,2016-02-26,17671
excel,China,2016-02-27,11191
excel,China,2016-02-28,11150
excel,China,2016-02-29,20964
excel,China,2016-03-01,23417
excel,China,2016-03-02,23210
excel,China,2016-03-03,23182
excel,China,2016-03-04,21597
excel,China,2016-03-05,13531
excel,China,2016-03-06,11990
excel,China,2016-03-07,22863
excel,China,2016-03-08,21588
excel,China,2016-03-09,23250
excel,China,2016-03-10,22155
excel,China,2016-03-11,20332
excel,China,2016-03-12,12775
excel,China,2016-03-13,12131
excel,China,2016-03-14,21892
excel,China,2016-03-15,21725
excel,China,2016-03-16,22144
excel,China,2016-03-17,22195
excel,China,2016-03-18,20168
excel,China,2016-03-19,13050
excel,China,2016-03-20,12240
excel,China,2016-03-21,27843
excel,China,2016-03-22,27748
excel,China,2016-03-23,23602
excel,China,2016-03-24,22683
excel,China,2016-03-25,21443
excel,China,2016-03-26,14215
excel,China,2016-03-27,11871
excel,China,2016-03-28,21897
excel,China,2016-03-29,21785
excel,China,2016-03-30,21464
excel,China,2016-03-31,21800
excel,China,2016-04-01,20775
excel,China,2016-04-02,11868
excel,China,2016-04-03,9761
excel,China,2016-04-04,10200
excel,China,2016-04-05,22723
excel,China,2016-04-06,23054
excel,China,2016-04-07,23055
excel,China,2016-04-08,22705
excel,China,2016-04-09,13639
excel,China,2016-04-10,11939
excel,China,2016-04-11,23027
excel,China,2016-04-12,24416
excel,China,2016-04-13,22493
excel,China,2016-04-14,22783
excel,China,2016-04-15,21537
excel,China,2016-04-16,12816
excel,China,2016-04-17,10377
excel,China,2016-04-18,22460
excel,China,2016-04-19,22006
excel,China,2016-04-20,22873
excel,China,2016-04-21,21801
excel,China,2016-04-22,22099
excel,China,2016-04-23,14955
excel,China,2016-04-24,13371
excel,China,2016-04-25,24764
excel,China,2016-04-26,25097
excel,China,2016-04-27,24448
excel,China,2016-04-28,23291
excel,China,2016-04-29,20576
excel,China,2016-04-30,11673
excel,China,2016-05-01,9791
excel,China,2016-05-02,12238
excel,China,2016-05-03,26111
excel,China,2016-05-04,25982
excel,China,2016-05-05,26074
excel,China,2016-05-06,24336
excel,China,2016-05-07,15347
excel,China,2016-05-08,13261
excel,China,2016-05-09,26761
excel,China,2016-05-10,26689
excel,China,2016-05-11,25765
excel,China,2016-05-12,26381
excel,China,2016-05-13,24088
excel,China,2016-05-14,15402
excel,China,2016-05-15,13855
excel,China,2016-05-16,25554
excel,China,2016-05-17,25075
excel,China,2016-05-18,25377
excel,China,2016-05-19,25422
excel,China,2016-05-20,22306
excel,China,2016-05-21,14703
excel,China,2016-05-22,13255
excel,China,2016-05-23,25191
excel,China,2016-05-24,24685
excel,China,2016-05-25,25350
excel,China,2016-05-26,23705
excel,China,2016-05-27,21965
excel,China,2016-05-28,13906
excel,China,2016-05-29,13326
excel,China,2016-05-30,25877
excel,China,2016-05-31,26501
excel,China,2016-06-01,26723
excel,China,2016-06-02,27041
excel,China,2016-06-03,25899
excel,China,2016-06-04,15218
excel,China,2016-06-05,12929
excel,China,2016-06-06,24285
excel,China,2016-06-07,22845
excel,China,2016-06-08,19066
excel,China,2016-06-09,9145
excel,China,2016-06-10,11084
excel,China,2016-06-11,11985
excel,China,2016-06-12,22922
excel,China,2016-06-13,23540
excel,China,2016-06-14,23398
excel,China,2016-06-15,23413
excel,China,2016-06-16,23363
excel,China,2016-06-17,21292
excel,China,2016-06-18,13480
excel,China,2016-06-19,12519
excel,China,2016-06-20,24179
excel,China,2016-06-21,24855
excel,China,2016-06-22,25111
excel,China,2016-06-23,25205
excel,China,2016-06-24,23731
excel,China,2016-06-25,15334
excel,China,2016-06-26,12346
excel,China,2016-06-27,23835
excel,China,2016-06-28,24727
excel,China,2016-06-29,25329
excel,China,2016-06-30,25637
excel,China,2016-07-01,25196
excel,China,2016-07-02,15452
excel,China,2016-07-03,13616
excel,China,2016-07-04,26067
excel,China,2016-07-05,25430
excel,China,2016-07-06,25016
excel,China,2016-07-07,24382
excel,China,2016-07-08,22433
excel,China,2016-07-09,14210
excel,China,2016-07-10,12781
excel,China,2016-07-11,24416
excel,China,2016-07-12,24478
excel,China,2016-07-13,24652
excel,China,2016-07-14,24541
excel,China,2016-07-15,22996
excel,China,2016-07-16,14180
excel,China,2016-07-17,12013
excel,China,2016-07-18,23251
excel,China,2016-07-19,22961
excel,China,2016-07-20,22623
excel,China,2016-07-21,22434
excel,China,2016-07-22,20439
excel,China,2016-07-23,12580
excel,China,2016-07-24,11231
excel,China,2016-07-25,21662
excel,China,2016-07-26,21790
excel,China,2016-07-27,21394
excel,China,2016-07-28,22157
excel,China,2016-07-29,21155
excel,China,2016-07-30,13061
excel,China,2016-07-31,12019
excel,China,2016-08-01,24740
excel,China,2016-08-02,24144
excel,China,2016-08-03,24427
excel,China,2016-08-04,22451
excel,China,2016-08-05,20113
excel,China,2016-08-06,11673
excel,China,2016-08-07,10395
excel,China,2016-08-08,21507
excel,China,2016-08-09,20190
excel,China,2016-08-10,20644
excel,China,2016-08-11,20831
excel,China,2016-08-12,19520
excel,China,2016-08-13,11803
excel,China,2016-08-14,10158
excel,China,2016-08-15,20570
excel,China,2016-08-16,20647
excel,China,2016-08-17,19671
excel,China,2016-08-18,19881
excel,China,2016-08-19,18619
excel,China,2016-08-20,11276
excel,China,2016-08-21,9590
excel,China,2016-08-22,19551
excel,China,2016-08-23,19461
excel,China,2016-08-24,20046
excel,China,2016-08-25,20144
excel,China,2016-08-26,18299
excel,China,2016-08-27,11330
excel,China,2016-08-28,10077
excel,China,2016-08-29,20616
excel,China,2016-08-30,20984
excel,China,2016-08-31,21823
excel,China,2016-09-01,22826
excel,China,2016-09-02,21218
excel,China,2016-09-03,13145
excel,China,2016-09-04,11834
excel,China,2016-09-05,22134
excel,China,2016-09-06,21662
excel,China,2016-09-07,21821
excel,China,2016-09-08,21260
excel,China,2016-09-09,19130
excel,China,2016-09-10,12116
excel,China,2016-09-11,11216
excel,China,2016-09-12,20551
excel,China,2016-09-13,19394
excel,China,2016-09-14,16120
excel,China,2016-09-15,7008
excel,China,2016-09-16,8610
excel,China,2016-09-17,10320
excel,China,2016-09-18,19668
excel,China,2016-09-19,20769
excel,China,2016-09-20,20791
excel,China,2016-09-21,21183
excel,China,2016-09-22,20544
excel,China,2016-09-23,19776
excel,China,2016-09-24,12879
excel,China,2016-09-25,10982
excel,China,2016-09-26,20089
excel,China,2016-09-27,20094
excel,China,2016-09-28,18847
excel,China,2016-09-29,18619
excel,China,2016-09-30,15418
excel,China,2016-10-01,7586
excel,China,2016-10-02,7538
excel,China,2016-10-03,7951
excel,China,2016-10-04,8598
excel,China,2016-10-05,9039
excel,China,2016-10-06,10038
excel,China,2016-10-07,11414
excel,China,2016-10-08,18455
excel,China,2016-10-09,19069
excel,China,2016-10-10,19955
excel,China,2016-10-11,20079
excel,China,2016-10-12,20444
excel,China,2016-10-13,20644
excel,China,2016-10-14,19050
excel,China,2016-10-15,12014
excel,China,2016-10-16,10654
excel,China,2016-10-17,20305
excel,China,2016-10-18,20276
excel,China,2016-10-19,20368
excel,China,2016-10-20,19861
excel,China,2016-10-21,18385
excel,China,2016-10-22,11878
excel,China,2016-10-23,10741
excel,China,2016-10-24,20238
excel,China,2016-10-25,19520
excel,China,2016-10-26,19554
excel,China,2016-10-27,19543
excel,China,2016-10-28,17714
excel,China,2016-10-29,10698
excel,China,2016-10-30,9913
excel,China,2016-10-31,19998
excel,China,2016-11-01,21007
excel,China,2016-11-02,20313
excel,China,2016-11-03,20233
excel,China,2016-11-04,18532
excel,China,2016-11-05,10344
excel,China,2016-11-06,9714
excel,China,2016-11-07,20938
excel,China,2016-11-08,20593
excel,China,2016-11-09,19866
excel,China,2016-11-10,18012
excel,China,2016-11-11,16246
excel,China,2016-11-12,10835
excel,China,2016-11-13,10163
excel,China,2016-11-14,19660
excel,China,2016-11-15,20128
excel,China,2016-11-16,19704
excel,China,2016-11-17,19869
excel,China,2016-11-18,17948
excel,China,2016-11-19,11182
excel,China,2016-11-20,9956
excel,China,2016-11-21,20066
excel,China,2016-11-22,19936
excel,China,2016-11-23,19531
excel,China,2016-11-24,19256
excel,China,2016-11-25,17368
excel,China,2016-11-26,10555
excel,China,2016-11-27,9098
excel,China,2016-11-28,18956
excel,China,2016-11-29,19075
excel,China,2016-11-30,19936
excel,China,2016-12-01,21027
excel,China,2016-12-02,19444
excel,China,2016-12-03,11846
excel,China,2016-12-04,10654
excel,China,2016-12-05,20777
excel,China,2016-12-06,20637
excel,China,2016-12-07,20716
excel,China,2016-12-08,20914
excel,China,2016-12-09,18630
excel,China,2016-12-10,11544
excel,China,2016-12-11,10255
excel,China,2016-12-12,19582
excel,China,2016-12-13,20600
excel,China,2016-12-14,20280
excel,China,2016-12-15,19885
excel,China,2016-12-16,17864
excel,China,2016-12-17,10909
excel,China,2016-12-18,10040
excel,China,2016-12-19,20207
excel,China,2016-12-20,20135
excel,China,2016-12-21,19402
excel,China,2016-12-22,19930
excel,China,2016-12-23,18102
excel,China,2016-12-24,10743
excel,China,2016-12-25,9571
excel,China,2016-12-26,20332
excel,China,2016-12-27,20062
excel,China,2016-12-28,19545
excel,China,2016-12-29,19516
excel,China,2016-12-30,17332
excel,China,2016-12-31,9220
excel,China,2017-01-01,7775
excel,China,2017-01-02,10467
excel,China,2017-01-03,21525
excel,China,2017-01-04,21726
excel,China,2017-01-05,21427
excel,China,2017-01-06,19675
excel,China,2017-01-07,11890
excel,China,2017-01-08,10214
excel,China,2017-01-09,19325
excel,China,2017-01-10,20000
excel,China,2017-01-11,19005
excel,China,2017-01-12,18771
excel,China,2017-01-13,16903
excel,China,2017-01-14,10265
excel,China,2017-01-15,8738
excel,China,2017-01-16,16635
excel,China,2017-01-17,16025
excel,China,2017-01-18,15029
excel,China,2017-01-19,14515
excel,China,2017-01-20,12838
excel,China,2017-01-21,7683
excel,China,2017-01-22,10965
excel,China,2017-01-23,10855
excel,China,2017-01-24,9008
excel,China,2017-01-25,7012
excel,China,2017-01-26,4675
excel,China,2017-01-27,2708
excel,China,2017-01-28,2487
excel,China,2017-01-29,2685
excel,China,2017-01-30,3037
excel,China,2017-01-31,3442
excel,China,2017-02-01,3987
excel,China,2017-02-02,4717
excel,China,2017-02-03,9446
excel,China,2017-02-04,11081
excel,China,2017-02-05,8655
excel,China,2017-02-06,15652
excel,China,2017-02-07,16654
excel,China,2017-02-08,17074
excel,China,2017-02-09,16728
excel,China,2017-02-10,15455
excel,China,2017-02-11,7933
excel,China,2017-02-12,8456
excel,China,2017-02-13,17827
excel,China,2017-02-14,16943
excel,China,2017-02-15,18628
excel,China,2017-02-16,18651
excel,China,2017-02-17,17251
excel,China,2017-02-18,9914
excel,China,2017-02-19,9357
excel,China,2017-02-20,18641
excel,China,2017-02-21,19204
excel,China,2017-02-22,19475
excel,China,2017-02-23,19302
excel,China,2017-02-24,17897
excel,China,2017-02-25,10939
excel,China,2017-02-26,9610
excel,China,2017-02-27,19497
excel,China,2017-02-28,19859
excel,China,2017-03-01,21729
excel,China,2017-03-02,21376
excel,China,2017-03-03,19987
excel,China,2017-03-04,13656
excel,China,2017-03-05,12422
excel,China,2017-03-06,23929
excel,China,2017-03-07,23274
excel,China,2017-03-08,20924
excel,China,2017-03-09,23151
excel,China,2017-03-10,21423
excel,China,2017-03-11,13536
excel,China,2017-03-12,12353
excel,China,2017-03-13,25484
excel,China,2017-03-14,25357
excel,China,2017-03-15,25487
excel,China,2017-03-16,25113
excel,China,2017-03-17,23304
excel,China,2017-03-18,14983
excel,China,2017-03-19,13769
excel,China,2017-03-20,26781
excel,China,2017-03-21,26684
excel,China,2017-03-22,27106
excel,China,2017-03-23,26868
excel,China,2017-03-24,25789
excel,China,2017-03-25,17691
excel,China,2017-03-26,14623
excel,China,2017-03-27,26127
excel,China,2017-03-28,25636
excel,China,2017-03-29,25809
excel,China,2017-03-30,26194
excel,China,2017-03-31,25079
excel,China,2017-04-01,22673
excel,China,2017-04-02,11695
excel,China,2017-04-03,11054
excel,China,2017-04-04,11513
excel,China,2017-04-05,27256
excel,China,2017-04-06,33937
excel,China,2017-04-07,31597
excel,China,2017-04-08,19657
excel,China,2017-04-09,17289
excel,China,2017-04-10,34156
excel,China,2017-04-11,33824
excel,China,2017-04-12,31986
excel,China,2017-04-13,27631
excel,China,2017-04-14,25327
excel,China,2017-04-15,15349
excel,China,2017-04-16,14107
excel,China,2017-04-17,28166
excel,China,2017-04-18,28337
excel,China,2017-04-19,28072
excel,China,2017-04-20,27767
excel,China,2017-04-21,25481
excel,China,2017-04-22,16004
excel,China,2017-04-23,13792
excel,China,2017-04-24,27208
excel,China,2017-04-25,27929
excel,China,2017-04-26,27344
excel,China,2017-04-27,26357
excel,China,2017-04-28,23069
excel,China,2017-04-29,12524
excel,China,2017-04-30,11089
excel,China,2017-05-01,12409
excel,China,2017-05-02,30157
excel,China,2017-05-03,30560
excel,China,2017-05-04,30307
excel,China,2017-05-05,27852
excel,China,2017-05-06,17293
excel,China,2017-05-07,15007
excel,China,2017-05-08,30797
excel,China,2017-05-09,30161
excel,China,2017-05-10,29934
excel,China,2017-05-11,29818
excel,China,2017-05-12,27567
excel,China,2017-05-13,16458
excel,China,2017-05-14,14256
excel,China,2017-05-15,28834
excel,China,2017-05-16,29410
excel,China,2017-05-17,29469
excel,China,2017-05-18,29124
excel,China,2017-05-19,26572
excel,China,2017-05-20,15924
excel,China,2017-05-21,14851
excel,China,2017-05-22,29106
excel,China,2017-05-23,28882
excel,China,2017-05-24,29599
excel,China,2017-05-25,28547
excel,China,2017-05-26,26866
excel,China,2017-05-27,23513
excel,China,2017-05-28,13145
excel,China,2017-05-29,12641
excel,China,2017-05-30,11452
excel,China,2017-05-31,27240
excel,China,2017-06-01,30543
excel,China,2017-06-02,29489
excel,China,2017-06-03,18693
excel,China,2017-06-04,16810
excel,China,2017-06-05,31546
excel,China,2017-06-06,31040
excel,China,2017-06-07,30318
excel,China,2017-06-08,29893
excel,China,2017-06-09,27376
excel,China,2017-06-10,16677
excel,China,2017-06-11,15231
excel,China,2017-06-12,29632
excel,China,2017-06-13,29746
excel,China,2017-06-14,30703
excel,China,2017-06-15,30631
excel,China,2017-06-16,27642
excel,China,2017-06-17,16683
excel,China,2017-06-18,14780
excel,China,2017-06-19,30124
excel,China,2017-06-20,31118
excel,China,2017-06-21,31188
excel,China,2017-06-22,32665
excel,China,2017-06-23,29712
excel,China,2017-06-24,19094
excel,China,2017-06-25,17733
excel,China,2017-06-26,31236
excel,China,2017-06-27,31195
excel,China,2017-06-28,30422
excel,China,2017-06-29,30671
excel,China,2017-06-30,29725
excel,China,2017-07-01,21334
excel,China,2017-07-02,18411
excel,China,2017-07-03,33285
excel,China,2017-07-04,33810
excel,China,2017-07-05,32650
excel,China,2017-07-06,32434
excel,China,2017-07-07,29930
excel,China,2017-07-08,19613
excel,China,2017-07-09,17557
excel,China,2017-07-10,30737
excel,China,2017-07-11,29090
excel,China,2017-07-12,28869
excel,China,2017-07-13,27898
excel,China,2017-07-14,25893
excel,China,2017-07-15,15865
excel,China,2017-07-16,13804
excel,China,2017-07-17,27620
excel,China,2017-07-18,27890
excel,China,2017-07-19,27990
excel,China,2017-07-20,27294
excel,China,2017-07-21,25723
excel,China,2017-07-22,15302
excel,China,2017-07-23,14007
excel,China,2017-07-24,27375
excel,China,2017-07-25,27292
excel,China,2017-07-26,27280
excel,China,2017-07-27,26977
excel,China,2017-07-28,25105
excel,China,2017-07-29,15404
excel,China,2017-07-30,13602
excel,China,2017-07-31,26937
excel,China,2017-08-01,29499
excel,China,2017-08-02,28855
excel,China,2017-08-03,28121
excel,China,2017-08-04,25533
excel,China,2017-08-05,15242
excel,China,2017-08-06,13340
excel,China,2017-08-07,26243
excel,China,2017-08-08,26051
excel,China,2017-08-09,25752
excel,China,2017-08-10,25487
excel,China,2017-08-11,23635
excel,China,2017-08-12,14299
excel,China,2017-08-13,12408
excel,China,2017-08-14,24805
excel,China,2017-08-15,25037
excel,China,2017-08-16,24356
excel,China,2017-08-17,24699
excel,China,2017-08-18,23897
excel,China,2017-08-19,15039
excel,China,2017-08-20,13568
excel,China,2017-08-21,24290
excel,China,2017-08-22,23844
excel,China,2017-08-23,23022
excel,China,2017-08-24,23167
excel,China,2017-08-25,20581
excel,China,2017-08-26,12487
excel,China,2017-08-27,11163
excel,China,2017-08-28,20482
excel,China,2017-08-29,22246
excel,China,2017-08-30,22671
excel,China,2017-08-31,23711
excel,China,2017-09-01,23531
excel,China,2017-09-02,15180
excel,China,2017-09-03,13463
excel,China,2017-09-04,25918
excel,China,2017-09-05,26475
excel,China,2017-09-06,25888
excel,China,2017-09-07,25726
excel,China,2017-09-08,23126
excel,China,2017-09-09,14701
excel,China,2017-09-10,13488
excel,China,2017-09-11,25267
excel,China,2017-09-12,25707
excel,China,2017-09-13,25735
excel,China,2017-09-14,26221
excel,China,2017-09-15,25818
excel,China,2017-09-16,16381
excel,China,2017-09-17,15282
excel,China,2017-09-18,27265
excel,China,2017-09-19,28095
excel,China,2017-09-20,27036
excel,China,2017-09-21,27626
excel,China,2017-09-22,26416
excel,China,2017-09-23,18211
excel,China,2017-09-24,15677
excel,China,2017-09-25,26836
excel,China,2017-09-26,27198
excel,China,2017-09-27,26418
excel,China,2017-09-28,25762
excel,China,2017-09-29,23704
excel,China,2017-09-30,19424
excel,China,2017-10-01,10621
excel,China,2017-10-02,10176
excel,China,2017-10-03,9223
excel,China,2017-10-04,7291
excel,China,2017-10-05,9564
excel,China,2017-10-06,11351
excel,China,2017-10-07,12578
excel,China,2017-10-08,14379
excel,China,2017-10-09,28375
excel,China,2017-10-10,29266
excel,China,2017-10-11,28758
excel,China,2017-10-12,28484
excel,China,2017-10-13,26565
excel,China,2017-10-14,16257
excel,China,2017-10-15,14262
excel,China,2017-10-16,26826
excel,China,2017-10-17,27355
excel,China,2017-10-18,25864
excel,China,2017-10-19,26210
excel,China,2017-10-20,24833
excel,China,2017-10-21,15316
excel,China,2017-10-22,14020
excel,China,2017-10-23,26317
excel,China,2017-10-24,26362
excel,China,2017-10-25,26537
excel,China,2017-10-26,25966
excel,China,2017-10-27,23778
excel,China,2017-10-28,14449
excel,China,2017-10-29,13474
excel,China,2017-10-30,27122
excel,China,2017-10-31,27319
excel,China,2017-11-01,29326
excel,China,2017-11-02,29053
excel,China,2017-11-03,25042
excel,China,2017-11-04,15063
excel,China,2017-11-05,13716
excel,China,2017-11-06,29100
excel,China,2017-11-07,28788
excel,China,2017-11-08,28439
excel,China,2017-11-09,27836
excel,China,2017-11-10,24465
excel,China,2017-11-11,13032
excel,China,2017-11-12,13157
excel,China,2017-11-13,27453
excel,China,2017-11-14,28001
excel,China,2017-11-15,27149
excel,China,2017-11-16,28634
excel,China,2017-11-17,25899
excel,China,2017-11-18,14643
excel,China,2017-11-19,12830
excel,China,2017-11-20,26214
excel,China,2017-11-21,26579
excel,China,2017-11-22,26310
excel,China,2017-11-23,26143
excel,China,2017-11-24,23616
excel,China,2017-11-25,14067
excel,China,2017-11-26,12867
excel,China,2017-11-27,27411
excel,China,2017-11-28,27741
excel,China,2017-11-29,29305
excel,China,2017-11-30,29732
excel,China,2017-12-01,28469
excel,China,2017-12-02,16372
excel,China,2017-12-03,15034
excel,China,2017-12-04,30925
excel,China,2017-12-05,30392
excel,China,2017-12-06,29467
excel,China,2017-12-07,29141
excel,China,2017-12-08,25811
excel,China,2017-12-09,15366
excel,China,2017-12-10,13357
excel,China,2017-12-11,26527
excel,China,2017-12-12,27241
excel,China,2017-12-13,28410
excel,China,2017-12-14,29097
excel,China,2017-12-15,26249
excel,China,2017-12-16,14249
excel,China,2017-12-17,13591
excel,China,2017-12-18,27822
excel,China,2017-12-19,27928
excel,China,2017-12-20,27978
excel,China,2017-12-21,27143
excel,China,2017-12-22,23643
excel,China,2017-12-23,14581
excel,China,2017-12-24,12489
excel,China,2017-12-25,26057
excel,China,2017-12-26,28396
excel,China,2017-12-27,29448
excel,China,2017-12-28,29082
excel,China,2017-12-29,24610
excel,China,2017-12-30,13502
excel,China,2017-12-31,10655
excel,China,2018-01-01,11143
excel,China,2018-01-02,31462
excel,China,2018-01-03,32786
excel,China,2018-01-04,31412
excel,China,2018-01-05,29842
excel,China,2018-01-06,17682
excel,China,2018-01-07,14795
excel,China,2018-01-08,29171
excel,China,2018-01-09,27978
excel,China,2018-01-10,26925
excel,China,2018-01-11,26632
excel,China,2018-01-12,24506
excel,China,2018-01-13,14341
excel,China,2018-01-14,12437
excel,China,2018-01-15,25562
excel,China,2018-01-16,25672
excel,China,2018-01-17,25792
excel,China,2018-01-18,25874
excel,China,2018-01-19,23884
excel,China,2018-01-20,14323
excel,China,2018-01-21,12057
excel,China,2018-01-22,24498
excel,China,2018-01-23,24363
excel,China,2018-01-24,23839
excel,China,2018-01-25,23109
excel,China,2018-01-26,21163
excel,China,2018-01-27,12335
excel,China,2018-01-28,10474
excel,China,2018-01-29,21605
excel,China,2018-01-30,21744
excel,China,2018-01-31,21946
excel,China,2018-02-01,23080
excel,China,2018-02-02,21414
excel,China,2018-02-03,12788
excel,China,2018-02-04,10910
excel,China,2018-02-05,21202
excel,China,2018-02-06,20322
excel,China,2018-02-07,18360
excel,China,2018-02-08,17411
excel,China,2018-02-09,15567
excel,China,2018-02-10,9589
excel,China,2018-02-11,12303
excel,China,2018-02-12,11308
excel,China,2018-02-13,8373
excel,China,2018-02-14,5421
excel,China,2018-02-15,2795
excel,China,2018-02-16,2735
excel,China,2018-02-17,3023
excel,China,2018-02-18,3409
excel,China,2018-02-19,4036
excel,China,2018-02-20,4816
excel,China,2018-02-21,5914
excel,China,2018-02-22,12496
excel,China,2018-02-23,15958
excel,China,2018-02-24,17213
excel,China,2018-02-25,12489
excel,China,2018-02-26,23480
excel,China,2018-02-27,23878
excel,China,2018-02-28,25580
excel,China,2018-03-01,25727
excel,China,2018-03-02,22630
excel,China,2018-03-03,14851
excel,China,2018-03-04,14837
excel,China,2018-03-05,29056
excel,China,2018-03-06,29806
excel,China,2018-03-07,29636
excel,China,2018-03-08,26699
excel,China,2018-03-09,26479
excel,China,2018-03-10,17146
excel,China,2018-03-11,15337
excel,China,2018-03-12,30935
excel,China,2018-03-13,30213
excel,China,2018-03-14,29434
excel,China,2018-03-15,30624
excel,China,2018-03-16,28312
excel,China,2018-03-17,17530
excel,China,2018-03-18,15885
excel,China,2018-03-19,31622
excel,China,2018-03-20,31118
excel,China,2018-03-21,31130
excel,China,2018-03-22,30619
excel,China,2018-03-23,28375
excel,China,2018-03-24,20358
excel,China,2018-03-25,16799
excel,China,2018-03-26,30194
excel,China,2018-03-27,29452
excel,China,2018-03-28,28219
excel,China,2018-03-29,28706
excel,China,2018-03-30,27019
excel,China,2018-03-31,16922
excel,China,2018-04-01,16597
excel,China,2018-04-02,32641
excel,China,2018-04-03,30984
excel,China,2018-04-04,26428
excel,China,2018-04-05,12360
excel,China,2018-04-06,12991
excel,China,2018-04-07,13679
excel,China,2018-04-08,27500
excel,China,2018-04-09,30443
excel,China,2018-04-10,30542
excel,China,2018-04-11,30598
excel,China,2018-04-12,30394
excel,China,2018-04-13,28523
excel,China,2018-04-14,17606
excel,China,2018-04-15,14794
excel,China,2018-04-16,29332
excel,China,2018-04-17,29408
excel,China,2018-04-18,28906
excel,China,2018-04-19,29305
excel,China,2018-04-20,27369
excel,China,2018-04-21,16838
excel,China,2018-04-22,14708
excel,China,2018-04-23,29956
excel,China,2018-04-24,29288
excel,China,2018-04-25,29210
excel,China,2018-04-26,28365
excel,China,2018-04-27,27356
excel,China,2018-04-28,23606
excel,China,2018-04-29,12721
excel,China,2018-04-30,12436
excel,China,2018-05-01,13431
excel,China,2018-05-02,32555
excel,China,2018-05-03,30807
excel,China,2018-05-04,28242
excel,China,2018-05-05,18059
excel,China,2018-05-06,15929
excel,China,2018-05-07,32478
excel,China,2018-05-08,31582
excel,China,2018-05-09,31117
excel,China,2018-05-10,30978
excel,China,2018-05-11,28249
excel,China,2018-05-12,16297
excel,China,2018-05-13,14199
excel,China,2018-05-14,30855
excel,China,2018-05-15,30320
excel,China,2018-05-16,29639
excel,China,2018-05-17,30356
excel,China,2018-05-18,27745
excel,China,2018-05-19,16809
excel,China,2018-05-20,13914
excel,China,2018-05-21,29592
excel,China,2018-05-22,29975
excel,China,2018-05-23,30146
excel,China,2018-05-24,29164
excel,China,2018-05-25,27327
excel,China,2018-05-26,16241
excel,China,2018-05-27,14348
excel,China,2018-05-28,29688
excel,China,2018-05-29,29511
excel,China,2018-05-30,30278
excel,China,2018-05-31,30290
excel,China,2018-06-01,27902
excel,China,2018-06-02,17770
excel,China,2018-06-03,15792
excel,China,2018-06-04,32762
excel,China,2018-06-05,32485
excel,China,2018-06-06,31241
excel,China,2018-06-07,30968
excel,China,2018-06-08,27906
excel,China,2018-06-09,17207
excel,China,2018-06-10,14981
excel,China,2018-06-11,30825
excel,China,2018-06-12,30299
excel,China,2018-06-13,30181
excel,China,2018-06-14,29047
excel,China,2018-06-15,25823
excel,China,2018-06-16,15501
excel,China,2018-06-17,12535
excel,China,2018-06-18,12453
excel,China,2018-06-19,31833
excel,China,2018-06-20,32853
excel,China,2018-06-21,33363
excel,China,2018-06-22,31593
excel,China,2018-06-23,19148
excel,China,2018-06-24,16631
excel,China,2018-06-25,32257
excel,China,2018-06-26,32763
excel,China,2018-06-27,32808
excel,China,2018-06-28,32254
excel,China,2018-06-29,29746
excel,China,2018-06-30,18012
excel,China,2018-07-01,16887
excel,China,2018-07-02,33001
excel,China,2018-07-03,33111
excel,China,2018-07-04,32683
excel,China,2018-07-05,31244
excel,China,2018-07-06,29046
excel,China,2018-07-07,17123
excel,China,2018-07-08,14475
excel,China,2018-07-09,30499
excel,China,2018-07-10,30193
excel,China,2018-07-11,29654
excel,China,2018-07-12,29151
excel,China,2018-07-13,27558
excel,China,2018-07-14,16639
excel,China,2018-07-15,13696
excel,China,2018-07-16,28557
excel,China,2018-07-17,28086
excel,China,2018-07-18,28293
excel,China,2018-07-19,27745
excel,China,2018-07-20,26157
excel,China,2018-07-21,16113
excel,China,2018-07-22,13498
excel,China,2018-07-23,27974
excel,China,2018-07-24,27090
excel,China,2018-07-25,27342
excel,China,2018-07-26,26198
excel,China,2018-07-27,24014
excel,China,2018-07-28,14309
excel,China,2018-07-29,12801
excel,China,2018-07-30,26428
excel,China,2018-07-31,27301
excel,China,2018-08-01,29810
excel,China,2018-08-02,29036
excel,China,2018-08-03,27489
excel,China,2018-08-04,16105
excel,China,2018-08-05,13404
excel,China,2018-08-06,27585
excel,China,2018-08-07,27651
excel,China,2018-08-08,27057
excel,China,2018-08-09,26410
excel,China,2018-08-10,25184
excel,China,2018-08-11,14222
excel,China,2018-08-12,11904
excel,China,2018-08-13,19027
excel,China,2018-08-14,24372
excel,China,2018-08-15,25459
excel,China,2018-08-16,25022
excel,China,2018-08-17,21663
excel,China,2018-08-18,13424
excel,China,2018-08-19,12361
excel,China,2018-08-20,25827
excel,China,2018-08-21,25757
excel,China,2018-08-22,30430
excel,China,2018-08-23,31000
excel,China,2018-08-24,29172
excel,China,2018-08-25,16273
excel,China,2018-08-26,14305
excel,China,2018-08-27,31908
excel,China,2018-08-28,32130
excel,China,2018-08-29,32463
excel,China,2018-08-30,34678
excel,China,2018-08-31,37173
excel,China,2018-09-01,24866
excel,China,2018-09-02,22481
excel,China,2018-09-03,42766
excel,China,2018-09-04,43273
excel,China,2018-09-05,43093
excel,China,2018-09-06,41161
excel,China,2018-09-07,33766
excel,China,2018-09-08,22318
excel,China,2018-09-09,19045
excel,China,2018-09-10,38316
excel,China,2018-09-11,40912
excel,China,2018-09-12,40657
excel,China,2018-09-13,40405
excel,China,2018-09-14,37790
excel,China,2018-09-15,24249
excel,China,2018-09-16,18821
excel,China,2018-09-17,38302
excel,China,2018-09-18,38603
excel,China,2018-09-19,37913
excel,China,2018-09-20,35055
excel,China,2018-09-21,30008
excel,China,2018-09-22,16557
excel,China,2018-09-23,13550
excel,China,2018-09-24,11999
excel,China,2018-09-25,34296
excel,China,2018-09-26,36603
excel,China,2018-09-27,34729
excel,China,2018-09-28,32647
excel,China,2018-09-29,31437
excel,China,2018-09-30,26595
excel,China,2018-10-01,12928
excel,China,2018-10-02,12408
excel,China,2018-10-03,11568
excel,China,2018-10-04,12858
excel,China,2018-10-05,13435
excel,China,2018-10-06,14838
excel,China,2018-10-07,16533
excel,China,2018-10-08,37391
excel,China,2018-10-09,39061
excel,China,2018-10-10,38228
excel,China,2018-10-11,37538
excel,China,2018-10-12,35143
excel,China,2018-10-13,20207
excel,China,2018-10-14,17457
excel,China,2018-10-15,38206
excel,China,2018-10-16,38087
excel,China,2018-10-17,36893
excel,China,2018-10-18,38659
excel,China,2018-10-19,35258
excel,China,2018-10-20,20056
excel,China,2018-10-21,19512
excel,China,2018-10-22,40241
excel,China,2018-10-23,40130
excel,China,2018-10-24,39637
excel,China,2018-10-25,40098
excel,China,2018-10-26,35327
excel,China,2018-10-27,21802
excel,China,2018-10-28,18676
excel,China,2018-10-29,37552
excel,China,2018-10-30,39557
excel,China,2018-10-31,39839
excel,China,2018-11-01,42796
excel,China,2018-11-02,39844
excel,China,2018-11-03,21935
excel,China,2018-11-04,19352
excel,China,2018-11-05,41294
excel,China,2018-11-06,41306
excel,China,2018-11-07,41116
excel,China,2018-11-08,39630
excel,China,2018-11-09,35815
excel,China,2018-11-10,19709
excel,China,2018-11-11,17041
excel,China,2018-11-12,40171
excel,China,2018-11-13,41407
excel,China,2018-11-14,40588
excel,China,2018-11-15,40978
excel,China,2018-11-16,32786
excel,China,2018-11-17,18425
excel,China,2018-11-18,16174
excel,China,2018-11-19,35941
excel,China,2018-11-20,38121
excel,China,2018-11-21,37821
excel,China,2018-11-22,36570
excel,China,2018-11-23,36079
excel,China,2018-11-24,14266
excel,China,2018-11-25,12447
excel,China,2018-11-26,29614
excel,China,2018-11-27,32252
excel,China,2018-11-28,30529
excel,China,2018-11-29,27604
excel,China,2018-11-30,26072
excel,China,2018-12-01,14842
excel,China,2018-12-02,12998
excel,China,2018-12-03,30185
excel,China,2018-12-04,29677
excel,China,2018-12-05,29269
excel,China,2018-12-06,28847
excel,China,2018-12-07,25533
excel,China,2018-12-08,13159
excel,China,2018-12-09,11261
excel,China,2018-12-10,26244
excel,China,2018-12-11,26183
excel,China,2018-12-12,24983
excel,China,2018-12-13,25763
excel,China,2018-12-14,24043
excel,China,2018-12-15,13094
excel,China,2018-12-16,11376
excel,China,2018-12-17,26026
excel,China,2018-12-18,26021
excel,China,2018-12-19,26444
excel,China,2018-12-20,26316
excel,China,2018-12-21,23561
excel,China,2018-12-22,12634
excel,China,2018-12-23,11465
excel,China,2018-12-24,25297
excel,China,2018-12-25,25497
excel,China,2018-12-26,27118
excel,China,2018-12-27,26711
excel,China,2018-12-28,25080
excel,China,2018-12-29,21218
excel,China,2018-12-30,10017
excel,China,2018-12-31,9294
excel,China,2019-01-01,9204
excel,China,2019-01-02,28859
excel,China,2019-01-03,29784
excel,China,2019-01-04,30147
excel,China,2019-01-05,16179
excel,China,2019-01-06,13389
excel,China,2019-01-07,30472
excel,China,2019-01-08,28984
excel,China,2019-01-09,29048
excel,China,2019-01-10,28988
excel,China,2019-01-11,26296
excel,China,2019-01-12,13484
excel,China,2019-01-13,11254
excel,China,2019-01-14,26226
excel,China,2019-01-15,25423
excel,China,2019-01-16,24336
excel,China,2019-01-17,23668
excel,China,2019-01-18,21955
excel,China,2019-01-19,12089
excel,China,2019-01-20,10039
excel,China,2019-01-21,22866
excel,China,2019-01-22,22095
excel,China,2019-01-23,30273
excel,China,2019-01-24,29641
excel,China,2019-01-25,27001
excel,China,2019-01-26,15504
excel,China,2019-01-27,13268
excel,China,2019-01-28,25701
excel,China,2019-01-29,23732
excel,China,2019-01-30,22795
excel,China,2019-01-31,20384
excel,China,2019-02-01,18030
excel,China,2019-02-02,12776
excel,China,2019-02-03,7709
excel,China,2019-02-04,3193
excel,China,2019-02-05,2931
excel,China,2019-02-06,3957
excel,China,2019-02-07,4461
excel,China,2019-02-08,4991
excel,China,2019-02-09,5367
excel,China,2019-02-10,6677
excel,China,2019-02-11,18400
excel,China,2019-02-12,24433
excel,China,2019-02-13,29131
excel,China,2019-02-14,29094
excel,China,2019-02-15,31702
excel,China,2019-02-16,19061
excel,China,2019-02-17,16746
excel,China,2019-02-18,35361
excel,China,2019-02-19,32794
excel,China,2019-02-20,37004
excel,China,2019-02-21,39457
excel,China,2019-02-22,37635
excel,China,2019-02-23,21806
excel,China,2019-02-24,19270
excel,China,2019-02-25,41993
excel,China,2019-02-26,42781
excel,China,2019-02-27,44288
excel,China,2019-02-28,44755
excel,China,2019-03-01,45634
excel,China,2019-03-02,27034
excel,China,2019-03-03,22747
excel,China,2019-03-04,47219
excel,China,2019-03-05,48351
excel,China,2019-03-06,47223
excel,China,2019-03-07,45646
excel,China,2019-03-08,36960
excel,China,2019-03-09,24679
excel,China,2019-03-10,21269
excel,China,2019-03-11,44806
excel,China,2019-03-12,45156
excel,China,2019-03-13,45038
excel,China,2019-03-14,44587
excel,China,2019-03-15,40137
excel,China,2019-03-16,22910
excel,China,2019-03-17,20494
excel,China,2019-03-18,43774
excel,China,2019-03-19,45273
excel,China,2019-03-20,44930
excel,China,2019-03-21,43692
excel,China,2019-03-22,40820
excel,China,2019-03-23,24198
excel,China,2019-03-24,21585
excel,China,2019-03-25,45243
excel,China,2019-03-26,45848
excel,China,2019-03-27,47274
excel,China,2019-03-28,48249
excel,China,2019-03-29,45173
excel,China,2019-03-30,30410
excel,China,2019-03-31,25338
excel,China,2019-04-01,51115
excel,China,2019-04-02,50411
excel,China,2019-04-03,47607
excel,China,2019-04-04,40600
excel,China,2019-04-05,15521
excel,China,2019-04-06,14724
excel,China,2019-04-07,16929
excel,China,2019-04-08,37035
excel,China,2019-04-09,38643
excel,China,2019-04-10,37912
excel,China,2019-04-11,37468
excel,China,2019-04-12,34820
excel,China,2019-04-13,19522
excel,China,2019-04-14,17276
excel,China,2019-04-15,34441
excel,China,2019-04-16,34242
excel,China,2019-04-17,34553
excel,China,2019-04-18,35090
excel,China,2019-04-19,31825
excel,China,2019-04-20,20204
excel,China,2019-04-21,17428
excel,China,2019-04-22,36261
excel,China,2019-04-23,34303
excel,China,2019-04-24,33850
excel,China,2019-04-25,33966
excel,China,2019-04-26,32162
excel,China,2019-04-27,10430
excel,China,2019-04-28,32904
excel,China,2019-04-29,34329
excel,China,2019-04-30,30155
excel,China,2019-05-01,13470
excel,China,2019-05-02,13849
excel,China,2019-05-03,14717
excel,China,2019-05-04,17008
excel,China,2019-05-05,35007
excel,China,2019-05-06,37360
excel,China,2019-05-07,37259
excel,China,2019-05-08,36280
excel,China,2019-05-09,36014
excel,China,2019-05-10,32601
excel,China,2019-05-11,18846
excel,China,2019-05-12,16226
excel,China,2019-05-13,35560
excel,China,2019-05-14,36325
excel,China,2019-05-15,35813
excel,China,2019-05-16,35688
excel,China,2019-05-17,31403
excel,China,2019-05-18,18499
excel,China,2019-05-19,17081
excel,China,2019-05-20,32360
excel,China,2019-05-21,33697
excel,China,2019-05-22,34134
excel,China,2019-05-23,32642
excel,China,2019-05-24,30588
excel,China,2019-05-25,18376
excel,China,2019-05-26,16670
excel,China,2019-05-27,34866
excel,China,2019-05-28,34702
excel,China,2019-05-29,35092
excel,China,2019-05-30,35141
excel,China,2019-05-31,32582
excel,China,2019-06-01,20465
excel,China,2019-06-02,18664
excel,China,2019-06-03,38362
excel,China,2019-06-04,37732
excel,China,2019-06-05,36566
excel,China,2019-06-06,31402
excel,China,2019-06-07,12823
excel,China,2019-06-08,12934
excel,China,2019-06-09,16278
excel,China,2019-06-10,38154
excel,China,2019-06-11,36160
excel,China,2019-06-12,34097
excel,China,2019-06-13,34455
excel,China,2019-06-14,31889
excel,China,2019-06-15,19282
excel,China,2019-06-16,17047
excel,China,2019-06-17,33620
excel,China,2019-06-18,33465
excel,China,2019-06-19,33503
excel,China,2019-06-20,34847
excel,China,2019-06-21,31603
excel,China,2019-06-22,18824
excel,China,2019-06-23,16230
excel,China,2019-06-24,34039
excel,China,2019-06-25,35012
excel,China,2019-06-26,34424
excel,China,2019-06-27,33637
excel,China,2019-06-28,31277
excel,China,2019-06-29,17915
excel,China,2019-06-30,16782
excel,China,2019-07-01,34476
excel,China,2019-07-02,35101
excel,China,2019-07-03,33902
excel,China,2019-07-04,32195
excel,China,2019-07-05,29325
excel,China,2019-07-06,17042
excel,China,2019-07-07,14921
excel,China,2019-07-08,32443
excel,China,2019-07-09,31493
excel,China,2019-07-10,31327
excel,China,2019-07-11,30966
excel,China,2019-07-12,26738
excel,China,2019-07-13,15624
excel,China,2019-07-14,13479
excel,China,2019-07-15,29482
excel,China,2019-07-16,29382
excel,China,2019-07-17,29230
excel,China,2019-07-18,31284
excel,China,2019-07-19,27027
excel,China,2019-07-20,15910
excel,China,2019-07-21,13514
excel,China,2019-07-22,29033
excel,China,2019-07-23,29224
excel,China,2019-07-24,29611
excel,China,2019-07-25,29323
excel,China,2019-07-26,26782
excel,China,2019-07-27,15838
excel,China,2019-07-28,13611
excel,China,2019-07-29,29225
excel,China,2019-07-30,29867
excel,China,2019-07-31,30282
excel,China,2019-08-01,32277
excel,China,2019-08-02,29947
excel,China,2019-08-03,17028
excel,China,2019-08-04,14601
excel,China,2019-08-05,27435
excel,China,2019-08-06,30124
excel,China,2019-08-07,28479
excel,China,2019-08-08,28789
excel,China,2019-08-09,26332
excel,China,2019-08-10,14886
excel,China,2019-08-11,13324
excel,China,2019-08-12,28141
excel,China,2019-08-13,26632
excel,China,2019-08-14,26528
excel,China,2019-08-15,27770
excel,China,2019-08-16,22696
excel,China,2019-08-17,13461
excel,China,2019-08-18,10973
excel,China,2019-08-19,24546
excel,China,2019-08-20,21062
excel,China,2019-08-21,25034
excel,China,2019-08-22,27507
excel,China,2019-08-23,26000
excel,China,2019-08-24,15567
excel,China,2019-08-25,13913
excel,China,2019-08-26,30543
excel,China,2019-08-27,31716
excel,China,2019-08-28,27704
excel,China,2019-08-29,31289
excel,China,2019-08-30,29910
excel,China,2019-08-31,19655
excel,China,2019-09-01,18461
excel,China,2019-09-02,33305
excel,China,2019-09-03,37806
excel,China,2019-09-04,38243
excel,China,2019-09-05,39358
excel,China,2019-09-06,37137
excel,China,2019-09-07,22896
excel,China,2019-09-08,22406
excel,China,2019-09-09,45221
excel,China,2019-09-10,44026
excel,China,2019-09-11,43231
excel,China,2019-09-12,23774
excel,China,2019-09-13,9726
excel,China,2019-09-14,12806
excel,China,2019-09-15,14671
excel,China,2019-09-16,35872
excel,China,2019-09-17,37608
excel,China,2019-09-18,36920
excel,China,2019-09-19,35604
excel,China,2019-09-20,34398
excel,China,2019-09-21,23020
excel,China,2019-09-22,19641
excel,China,2019-09-23,34533
excel,China,2019-09-24,34714
excel,China,2019-09-25,34161
excel,China,2019-09-26,33814
excel,China,2019-09-27,31074
excel,China,2019-09-28,20150
excel,China,2019-09-29,29315
excel,China,2019-09-30,24688
excel,China,2019-10-01,10818
excel,China,2019-10-02,11319
excel,China,2019-10-03,11232
excel,China,2019-10-04,12292
excel,China,2019-10-05,12611
excel,China,2019-10-06,13474
excel,China,2019-10-07,17290
excel,China,2019-10-08,34827
excel,China,2019-10-09,36382
excel,China,2019-10-10,36725
excel,China,2019-10-11,34918
excel,China,2019-10-12,31582
excel,China,2019-10-13,18479
excel,China,2019-10-14,37378
excel,China,2019-10-15,36481
excel,China,2019-10-16,35725
excel,China,2019-10-17,32952
excel,China,2019-10-18,31384
excel,China,2019-10-19,16258
excel,China,2019-10-20,15751
excel,China,2019-10-21,34204
excel,China,2019-10-22,35539
excel,China,2019-10-23,33933
excel,China,2019-10-24,31100
excel,China,2019-10-25,27001
excel,China,2019-10-26,15238
excel,China,2019-10-27,14364
excel,China,2019-10-28,31758
excel,China,2019-10-29,33917
excel,China,2019-10-30,33302
excel,China,2019-10-31,34228
excel,China,2019-11-01,34436
excel,China,2019-11-02,19936
excel,China,2019-11-03,17673
excel,China,2019-11-04,36921
excel,China,2019-11-05,36286
excel,China,2019-11-06,38693
excel,China,2019-11-07,38079
excel,China,2019-11-08,34151
excel,China,2019-11-09,19342
excel,China,2019-11-10,17290
excel,China,2019-11-11,35087
excel,China,2019-11-12,39385
excel,China,2019-11-13,38778
excel,China,2019-11-14,37553
excel,China,2019-11-15,34129
excel,China,2019-11-16,20060
excel,China,2019-11-17,17847
excel,China,2019-11-18,36856
excel,China,2019-11-19,37562
excel,China,2019-11-20,37185
excel,China,2019-11-21,38209
excel,China,2019-11-22,29641
excel,China,2019-11-23,18874
excel,China,2019-11-24,17573
excel,China,2019-11-25,34634
excel,China,2019-11-26,34714
excel,China,2019-11-27,33563
excel,China,2019-11-28,34101
excel,China,2019-11-29,31846
excel,China,2019-11-30,20334
excel,China,2019-12-01,19416
excel,China,2019-12-02,40984
excel,China,2019-12-03,40491
excel,China,2019-12-04,39923
excel,China,2019-12-05,41004
excel,China,2019-12-06,36356
excel,China,2019-12-07,20439
excel,China,2019-12-08,18365
excel,China,2019-12-09,40796
excel,China,2019-12-10,38999
excel,China,2019-12-11,38246
excel,China,2019-12-12,36751
excel,China,2019-12-13,34505
excel,China,2019-12-14,19780
excel,China,2019-12-15,18250
excel,China,2019-12-16,38548
excel,China,2019-12-17,38070
excel,China,2019-12-18,38034
excel,China,2019-12-19,39265
excel,China,2019-12-20,34300
excel,China,2019-12-21,21239
excel,China,2019-12-22,17638
excel,China,2019-12-23,39784
excel,China,2019-12-24,38757
excel,China,2019-12-25,38923
excel,China,2019-12-26,39519
excel,China,2019-12-27,35939
excel,China,2019-12-28,22390
excel,China,2019-12-29,19483
excel,China,2019-12-30,36115
excel,China,2019-12-31,31953
excel,China,2020-01-01,16828
excel,China,2020-01-02,41920
excel,China,2020-01-03,38323
excel,China,2020-01-04,21892
excel,China,2020-01-05,18491
excel,China,2020-01-06,37372
excel,China,2020-01-07,37098
excel,China,2020-01-08,34246
excel,China,2020-01-09,35449
excel,China,2020-01-10,32129
excel,China,2020-01-11,18571
excel,China,2020-01-12,16276
excel,China,2020-01-13,31381
excel,China,2020-01-14,30283
excel,China,2020-01-15,28360
excel,China,2020-01-16,27135
excel,China,2020-01-17,23637
excel,China,2020-01-18,13474
excel,China,2020-01-19,20097
excel,China,2020-01-20,18909
excel,China,2020-01-21,15509
excel,China,2020-01-22,11626
excel,China,2020-01-23,7919
excel,China,2020-01-24,4335
excel,China,2020-01-25,4584
excel,China,2020-01-26,7027
excel,China,2020-01-27,9501
excel,China,2020-01-28,10763
excel,China,2020-01-29,12092
excel,China,2020-01-30,13308
excel,China,2020-01-31,15986
excel,China,2020-02-01,17879
excel,China,2020-02-02,19340
excel,China,2020-02-03,24117
excel,China,2020-02-04,24508
excel,China,2020-02-05,24046
excel,China,2020-02-06,24697
excel,China,2020-02-07,24016
excel,China,2020-02-08,20188
excel,China,2020-02-09,22508
excel,China,2020-02-10,31397
excel,China,2020-02-11,30731
excel,China,2020-02-12,29371
excel,China,2020-02-13,28637
excel,China,2020-02-14,27826
excel,China,2020-02-15,22351
excel,China,2020-02-16,21085
excel,China,2020-02-17,30702
excel,China,2020-02-18,30973
excel,China,2020-02-19,31826
excel,China,2020-02-20,32305
excel,China,2020-02-21,31930
excel,China,2020-02-22,23493
excel,China,2020-02-23,22807
excel,China,2020-02-24,34780
excel,China,2020-02-25,36281
excel,China,2020-02-26,38009
excel,China,2020-02-27,38479
excel,China,2020-02-28,37969
excel,China,2020-02-29,27588
excel,China,2020-03-01,26263
excel,China,2020-03-02,44215
excel,China,2020-03-03,40027
excel,China,2020-03-04,42210
excel,China,2020-03-05,40422
excel,China,2020-03-06,40438
excel,China,2020-03-07,27875
excel,China,2020-03-08,24590
excel,China,2020-03-09,38305
excel,China,2020-03-10,43015
excel,China,2020-03-11,42945
excel,China,2020-03-12,44584
excel,China,2020-03-13,42396
excel,China,2020-03-14,28067
excel,China,2020-03-15,25280
excel,China,2020-03-16,44318
